title,first_name,last_name,gender,social security number,phone,street address,email
Ms,Whit,Brasner,Male,252-99-5438,6564813865,024 Upham Alley,wbrasner0@about.me
Rev,Mandel,Stouther,Male,660-84-9905,7154011674,41 Paget Road,mstouther1@tumblr.com
Honorable,Tonie,Kobke,Female,586-97-8752,3308585437,9906 Meadow Vale Lane,tkobke2@google.co.jp
Dr,Frayda,Martschke,Female,542-41-8246,8087445428,56424 Birchwood Hill,fmartschke3@i2i.jp
Ms,Aldridge,Hendriksen,Male,638-12-9270,1111951550,13624 Pleasure Circle,ahendriksen4@unc.edu
Ms,Olav,Kubicka,Male,447-21-5218,6958534107,5 Steensland Crossing,okubicka5@vimeo.com
Mrs,Huntley,Goodere,Male,813-82-0532,6174254769,6264 Esch Center,hgoodere6@salon.com
Mr,Buiron,Quince,Male,129-94-0543,8014026091,2 Helena Alley,bquince7@ucoz.ru
Mrs,Leonie,Dollman,Female,753-51-2750,1925821733,6 Surrey Circle,ldollman8@desdev.cn
Dr,Rogerio,Masarrat,Male,748-01-2112,3922315826,339 Fairfield Alley,rmasarrat9@bandcamp.com
Honorable,Frederica,Oldnall,Female,400-65-9280,2099323927,117 Valley Edge Drive,foldnalla@indiegogo.com
Ms,Adele,Sandifer,Female,823-87-3969,2573604482,1970 Carey Hill,asandiferb@unesco.org
Dr,Austin,Lampaert,Male,586-59-6077,3719483331,53532 Cottonwood Place,alampaertc@chron.com
Ms,Haley,Gimlet,Male,299-14-0291,5097180667,88372 Monterey Trail,hgimletd@tuttocitta.it
Rev,Bartolemo,Alfonso,Male,690-27-7803,4856593727,86759 Graedel Terrace,balfonsoe@dailymotion.com
Mrs,Katha,Castagnet,Female,766-87-1986,8358925041,6664 Delaware Plaza,kcastagnetf@intel.com
Mrs,Clark,Sandaver,Male,114-58-1155,1076693550,46922 Memorial Road,csandaverg@twitpic.com
Honorable,Sonny,Carrel,Female,199-17-9897,5507839719,71 Carey Way,scarrelh@indiegogo.com
Mrs,Mac,Semechik,Male,329-07-6992,7398049488,24672 Comanche Road,msemechiki@tmall.com
Rev,Charyl,Boyson,Female,264-45-8505,6948134948,957 Clarendon Junction,cboysonj@slate.com
Mr,Melesa,Cullotey,Female,817-44-8655,4122525567,88 Kropf Way,mculloteyk@wufoo.com
Mr,Britt,Eade,Male,818-47-0125,7942331545,94444 Bluejay Avenue,beadel@opera.com
Rev,Kilian,Eddolls,Male,515-71-7255,9749094799,5241 Kensington Center,keddollsm@dedecms.com
Honorable,Donica,Paladino,Female,745-05-4600,3385191383,841 Dorton Trail,dpaladinon@hhs.gov
Rev,Charline,McFadden,Female,791-24-8036,3573036513,72 Chinook Center,cmcfaddeno@omniture.com
Mrs,Kristel,Benne,Female,464-46-4228,6906806927,91278 Oak Trail,kbennep@nature.com
Honorable,Dinnie,Demonge,Female,110-01-4029,7163102359,4969 Crest Line Center,ddemongeq@ifeng.com
Mrs,Weber,Mattheis,Male,409-13-3036,9761140497,5723 Bellgrove Junction,wmattheisr@china.com.cn
Mrs,Eimile,Todarini,Female,848-16-0673,5735249073,20 4th Way,etodarinis@state.gov
Ms,Mathilda,Scogings,Female,106-43-1635,6579515205,730 Portage Plaza,mscogingst@purevolume.com
Ms,Ailene,MacAllister,Female,135-43-1865,7079542143,5981 Bartillon Pass,amacallisteru@mapy.cz
Mrs,Bentlee,Lehr,Male,380-81-5996,7369424207,13193 Mallard Way,blehrv@webnode.com
Ms,Chelsy,Giroldi,Female,776-67-2127,1668570694,2 Anzinger Plaza,cgiroldiw@last.fm
Rev,Manolo,Elfitt,Male,599-89-6121,7578473699,2301 Dennis Road,melfittx@mit.edu
Honorable,Felicity,Castrillo,Female,397-33-3594,8833957972,28 Anderson Junction,fcastrilloy@quantcast.com
Ms,Harmonia,Krystof,Female,644-75-2864,3271995603,70 Hermina Center,hkrystofz@sfgate.com
Dr,Holden,Tenny,Male,132-06-8360,1303010131,63 Kropf Plaza,htenny10@geocities.com
Dr,Mathew,Todhunter,Male,483-53-8845,7767162626,4379 Tennessee Circle,mtodhunter11@flickr.com
Rev,Lilith,Strickland,Female,332-49-4239,4502934051,2 Ilene Drive,lstrickland12@opera.com
Ms,Creighton,Churms,Male,592-07-4150,7792835219,0703 Ronald Regan Avenue,cchurms13@reverbnation.com
Dr,Carce,Bains,Male,770-98-6873,3805888232,57457 6th Center,cbains14@apache.org
Mr,Chick,Millan,Male,255-93-5365,3186115925,4418 Melody Pass,cmillan15@google.fr
Ms,Gertrud,Vanichev,Female,659-13-0721,3042597847,9 Northview Hill,gvanichev16@yahoo.co.jp
Mr,Fernanda,Hearns,Female,523-47-8750,3129847811,81996 Rusk Way,fhearns17@nasa.gov
Ms,Ardine,Thundercliffe,Female,470-48-2875,9826351213,2946 Lukken Alley,athundercliffe18@opensource.org
Rev,Deborah,Gallamore,Female,432-73-2643,5514842301,2100 Killdeer Street,dgallamore19@jigsy.com
Mr,Daveta,Whiskin,Female,770-58-5503,6775662538,3966 Maywood Place,dwhiskin1a@mtv.com
Mr,Tallou,Verralls,Female,866-50-2281,2097446171,50 Garrison Hill,tverralls1b@google.de
Mrs,Mommy,Vasilchenko,Female,229-16-6381,8997428241,57909 Waubesa Point,mvasilchenko1c@tamu.edu
Ms,Burk,O'Flaverty,Male,397-03-0581,3191220656,57 Anderson Parkway,boflaverty1d@amazon.de
Honorable,Cindra,McBeth,Female,872-56-1688,9044245457,56495 Lukken Court,cmcbeth1e@123-reg.co.uk
Mrs,Latashia,Suddards,Female,705-13-5610,6612382326,3654 Redwing Hill,lsuddards1f@wikipedia.org
Dr,Chrissie,Bouda,Male,401-40-0423,6932186347,63258 International Trail,cbouda1g@pagesperso-orange.fr
Ms,Nady,Tye,Female,845-63-2056,4295431512,70656 Fieldstone Place,ntye1h@clickbank.net
Ms,Carr,Bimrose,Male,425-50-7215,1665474966,532 Dahle Court,cbimrose1i@edublogs.org
Honorable,Stevie,Lazenbury,Male,159-78-1341,9295557219,759 Dwight Park,slazenbury1j@amazonaws.com
Mr,Merissa,Clementson,Female,165-73-2874,1377271746,57187 Carpenter Center,mclementson1k@github.io
Rev,Griswold,Hawford,Male,883-94-4064,2945293947,50 Hovde Road,ghawford1l@gmpg.org
Honorable,Ruddy,Barrs,Male,216-12-6508,5452903690,128 Merry Junction,rbarrs1m@arizona.edu
Rev,Margareta,Ragsdale,Female,548-50-7883,2205388334,3 Michigan Center,mragsdale1n@plala.or.jp
Honorable,Amberly,Beacroft,Female,151-87-7966,9382287765,25911 Truax Alley,abeacroft1o@mtv.com
Honorable,Andonis,Broughton,Male,231-01-7435,2563302556,919 Hansons Road,abroughton1p@sogou.com
Mrs,Rutherford,Michelmore,Male,545-87-2950,1932224332,3488 Bowman Hill,rmichelmore1q@opensource.org
Ms,Denny,McLurg,Male,615-84-6557,9093517668,744 Coleman Circle,dmclurg1r@wikispaces.com
Ms,Coretta,Arnaud,Female,747-70-2225,1828434523,68267 Blackbird Terrace,carnaud1s@blogger.com
Honorable,Andrea,Beedham,Female,195-72-3020,3459650815,2157 Namekagon Avenue,abeedham1t@xinhuanet.com
Ms,Jade,Sowood,Female,299-11-8782,5786949090,06706 Anniversary Center,jsowood1u@photobucket.com
Dr,Brinn,Conman,Female,607-72-8762,7822105908,72 Swallow Avenue,bconman1v@patch.com
Rev,Jourdan,Bibb,Female,473-29-6276,1613496748,5755 Northland Center,jbibb1w@mail.ru
Mr,Essy,Coatham,Female,394-96-3410,5471349774,1 Merry Avenue,ecoatham1x@eepurl.com
Mr,Ulrika,Pierrepoint,Female,525-37-7387,3305869134,542 Carey Center,upierrepoint1y@sfgate.com
Rev,Stephan,Bradnam,Male,704-71-1068,9914109215,66 Lakewood Gardens Avenue,sbradnam1z@etsy.com
Honorable,Ash,Soigoux,Male,298-10-4549,4493108680,37 Buhler Point,asoigoux20@reddit.com
Honorable,Renault,Joseff,Male,532-85-9136,1659646723,402 Superior Street,rjoseff21@51.la
Ms,Turner,Caldecot,Male,114-91-3635,4621255845,079 Hintze Alley,tcaldecot22@wunderground.com
Honorable,Karee,Hedgeman,Female,256-05-8035,8839471777,3232 Karstens Center,khedgeman23@sogou.com
Mr,Kassie,Cornbell,Female,868-43-9386,4993731315,26229 Talmadge Park,kcornbell24@hhs.gov
Honorable,Corri,Elwyn,Female,776-88-3117,4544471184,5706 Butternut Terrace,celwyn25@auda.org.au
Mrs,Marigold,Ranking,Female,819-84-0376,5768967679,7103 Springview Trail,mranking26@zdnet.com
Mrs,Denys,Haddrill,Male,452-88-9202,2374817736,9 Vermont Circle,dhaddrill27@tinyurl.com
Dr,Kermy,MacPake,Male,554-33-1438,8303815916,42 Fisk Circle,kmacpake28@themeforest.net
Dr,Dieter,Lux,Male,681-89-5389,3466915168,178 Sutteridge Place,dlux29@nsw.gov.au
Rev,Tammi,Hing,Female,451-18-4905,9739694179,34 Ronald Regan Road,thing2a@pbs.org
Dr,Homerus,Riepl,Male,892-10-5220,6416485948,24 Sauthoff Lane,hriepl2b@noaa.gov
Rev,Jorge,Strelitzki,Male,805-28-0638,3277135092,804 Clove Avenue,jstrelitzki2c@imgur.com
Rev,Willy,Esch,Female,751-40-0309,6299219203,303 Eagan Plaza,wesch2d@wordpress.com
Mrs,Cindra,Boon,Female,874-23-0358,8789432734,4246 Bellgrove Crossing,cboon2e@hubpages.com
Mr,Miguel,Meatcher,Male,390-56-4123,5186428992,6207 Kings Court,mmeatcher2f@seesaa.net
Mrs,Shelbi,McLaverty,Female,640-90-5759,2458335884,41 Monterey Circle,smclaverty2g@apache.org
Rev,Morena,Ditt,Female,887-68-1770,6638110991,7 Autumn Leaf Park,mditt2h@paypal.com
Mrs,Dom,Ankers,Male,704-35-6214,7359828391,56699 Debra Plaza,dankers2i@wisc.edu
Rev,Aurie,Dewing,Female,777-82-2871,6707475442,1159 Schlimgen Park,adewing2j@tinypic.com
Honorable,Elicia,Oswal,Female,571-12-2150,9305108678,43809 Portage Alley,eoswal2k@about.me
Honorable,Northrup,Vellden,Male,678-22-0290,9869034986,95 Continental Crossing,nvellden2l@hp.com
Rev,Lexie,Weal,Female,170-11-7635,9292303774,191 Gina Plaza,lweal2m@bloglovin.com
Ms,Genevieve,Fredi,Female,622-89-0637,7155990660,9 Bobwhite Junction,gfredi2n@google.it
Honorable,Finlay,Songest,Male,468-21-1502,9767155096,983 4th Court,fsongest2o@yelp.com
Mr,Bertie,Spohrmann,Female,718-94-9817,8812816026,93 Dottie Place,bspohrmann2p@a8.net
Mrs,Dreddy,Izzatt,Female,758-43-8900,1634319672,8 Ridgeway Place,dizzatt2q@hp.com
Honorable,Dulcea,Duquesnay,Female,447-78-7085,7396800788,34 Merry Junction,dduquesnay2r@tripod.com
Ms,Alla,Rodder,Female,241-22-7364,3699424440,6 Gina Alley,arodder2s@booking.com
Dr,Hynda,Lagen,Female,814-23-3214,5615539322,840 6th Plaza,hlagen2t@hibu.com
Honorable,Quinlan,Duell,Male,598-19-8321,1965662927,5 Acker Circle,qduell2u@jimdo.com
Rev,Rodrigo,Trussman,Male,285-14-1844,6189742347,61 Emmet Terrace,rtrussman2v@ft.com
Honorable,Analise,Obin,Female,318-33-2039,7726235069,8 Packers Junction,aobin2w@businesswire.com
Dr,Bertram,Patey,Male,649-29-1288,1358447597,9204 Grim Junction,bpatey2x@devhub.com
Mr,Deb,Zaniolini,Female,275-03-3141,6751360782,3 Manufacturers Circle,dzaniolini2y@qq.com
Dr,Rafi,Sloy,Male,265-18-6213,9491543047,647 Kings Trail,rsloy2z@slashdot.org
Rev,Lucie,Hartropp,Female,820-30-3586,2736590267,8334 Knutson Parkway,lhartropp30@quantcast.com
Dr,Raimundo,Grindall,Male,100-70-6834,4081754837,04577 Lakeland Place,rgrindall31@weibo.com
Ms,Bail,Fillary,Male,433-63-7036,2367624539,16 Northland Court,bfillary32@quantcast.com
Dr,Charlie,Drabble,Male,770-93-9813,7384616049,474 School Road,cdrabble33@globo.com
Mrs,Roi,Jaskiewicz,Male,540-79-3250,1065649408,7926 Ilene Crossing,rjaskiewicz34@addtoany.com
Dr,Cosimo,Saull,Male,844-25-5484,7756284938,8517 Upham Drive,csaull35@reuters.com
Ms,Franky,Kivlin,Female,258-76-5070,3866051385,29 Gulseth Crossing,fkivlin36@weather.com
Ms,Jefferey,Lurcock,Male,528-29-7437,6221889981,379 Holy Cross Street,jlurcock37@dot.gov
Mrs,Flem,Kruszelnicki,Male,444-69-2350,3331533689,383 Harbort Alley,fkruszelnicki38@chronoengine.com
Honorable,Del,Tuddall,Female,806-66-2613,6327329895,7074 Coolidge Terrace,dtuddall39@flickr.com
Mr,Jerrome,Rogans,Male,671-13-7576,4209282804,945 Claremont Circle,jrogans3a@ow.ly
Mrs,Addy,Gallymore,Female,887-41-4975,1952695370,2 Ohio Hill,agallymore3b@ehow.com
Ms,Zorah,Carous,Female,709-26-0838,8409072629,1 Alpine Street,zcarous3c@washington.edu
Honorable,Tremayne,De Mitris,Male,362-75-3334,1055679558,48005 Columbus Drive,tdemitris3d@disqus.com
Mrs,Kendall,Cullity,Male,679-32-9685,6317917725,98233 Monica Road,kcullity3e@discovery.com
Rev,Shannan,Murrell,Male,620-87-5978,1664534825,31 Lunder Way,smurrell3f@ox.ac.uk
Mrs,Kassandra,Cubley,Female,174-21-5057,6168789980,4761 Leroy Avenue,kcubley3g@deliciousdays.com
Honorable,Aileen,Ivain,Female,184-70-4549,6016182319,10668 Meadow Ridge Avenue,aivain3h@gov.uk
Dr,Gertrud,Giorgioni,Female,325-29-6744,3248214874,8 Ridgeway Court,ggiorgioni3i@tiny.cc
Honorable,Uri,Wearing,Male,517-08-1774,2992435235,993 Green Ridge Pass,uwearing3j@who.int
Dr,Gertie,Hairsnape,Female,162-30-7233,6333339103,57985 Katie Point,ghairsnape3k@cnbc.com
Dr,Rolando,Uzielli,Male,790-92-3529,9619039029,864 Comanche Lane,ruzielli3l@furl.net
Mr,Gayel,Azam,Female,434-31-3502,3044670271,10 Welch Hill,gazam3m@macromedia.com
Mr,Hattie,Barcroft,Female,735-75-3567,2013153828,0 Hoepker Way,hbarcroft3n@miitbeian.gov.cn
Mr,Garek,Alf,Male,192-87-6268,2666037337,391 Vera Pass,galf3o@instagram.com
Honorable,Lukas,Bottrill,Male,688-92-1168,3961937779,2 Summer Ridge Court,lbottrill3p@mapquest.com
Honorable,Bevon,Physick,Male,459-25-0611,7744950711,799 Mandrake Street,bphysick3q@umich.edu
Mr,Silvester,Bate,Male,896-04-2149,6782711887,012 Northwestern Pass,sbate3r@ox.ac.uk
Dr,Desdemona,Truss,Female,139-93-3328,9495884914,370 Drewry Hill,dtruss3s@netscape.com
Dr,Carley,Nutkin,Female,464-84-8146,2422778426,5217 Knutson Plaza,cnutkin3t@creativecommons.org
Honorable,Glenna,Lisamore,Female,391-69-9759,5253636034,513 Lunder Terrace,glisamore3u@cnbc.com
Mr,Leroi,Basilotta,Male,455-72-8397,9025215352,357 Erie Street,lbasilotta3v@fda.gov
Ms,Maegan,Rubenov,Female,336-50-2961,5904323529,14309 Shoshone Circle,mrubenov3w@earthlink.net
Dr,Nicolais,Churchlow,Male,874-07-0031,4182917672,73872 Tennessee Court,nchurchlow3x@de.vu
Honorable,Kristofer,Sterricks,Male,835-11-1485,9446942018,941 Macpherson Plaza,ksterricks3y@nature.com
Mrs,Jonas,Berceros,Male,249-60-9021,6335376927,6164 Prentice Crossing,jberceros3z@surveymonkey.com
Honorable,Egor,Prestage,Male,663-34-6235,4656433731,42819 Sunnyside Street,eprestage40@biblegateway.com
Rev,Burg,Coslitt,Male,797-55-6585,6791520714,684 American Way,bcoslitt41@weibo.com
Rev,Hebert,Memmory,Male,716-90-4059,5029855828,3 Division Lane,hmemmory42@craigslist.org
Honorable,Tye,Graysmark,Male,534-58-8411,2338079748,5 Mcguire Drive,tgraysmark43@state.tx.us
Rev,Prinz,Over,Male,417-12-2585,5107503099,93601 Kipling Court,pover44@ftc.gov
Dr,Cinda,Haxley,Female,497-13-9592,8702089705,7162 Northridge Plaza,chaxley45@about.me
Mr,Tye,Franciottoi,Male,451-90-2995,9488156054,550 Waxwing Lane,tfranciottoi46@123-reg.co.uk
Mrs,Herold,Alberti,Male,440-97-5778,2838537190,80 Pond Hill,halberti47@engadget.com
Ms,Drusi,Hubball,Female,467-09-2439,3394359852,925 Northland Center,dhubball48@cyberchimps.com
Ms,Gannie,Marrows,Male,305-60-3065,8127996161,40936 Birchwood Parkway,gmarrows49@eventbrite.com
Ms,Fidelio,Sheehy,Male,743-31-5374,6739762584,461 Northport Terrace,fsheehy4a@time.com
Dr,Sauveur,Leechman,Male,534-82-6872,2404284845,05095 Ruskin Point,sleechman4b@washington.edu
Mr,Reggi,Burhill,Female,196-10-6475,3136304206,10153 Logan Road,rburhill4c@senate.gov
Ms,Marlyn,Trippett,Female,652-39-2742,9788574290,790 Main Road,mtrippett4d@squarespace.com
Mr,Tadeas,Hubner,Male,124-71-1059,8218420173,12427 Northview Junction,thubner4e@4shared.com
Dr,Camilla,Shires,Female,740-81-8346,6072336932,7 Glendale Drive,cshires4f@google.fr
Mr,Esra,MacCaughen,Male,516-84-6369,6361387493,6392 Oakridge Circle,emaccaughen4g@latimes.com
Honorable,Darla,Broadbury,Female,806-53-2894,9313244308,9880 Stuart Center,dbroadbury4h@dailymail.co.uk
Mr,Aldwin,Dolman,Male,443-23-5321,3616561897,54 Dwight Terrace,adolman4i@reddit.com
Ms,Dirk,McCarry,Male,856-13-1627,6468429325,9036 Burning Wood Pass,dmccarry4j@icq.com
Mr,Hank,MacAllaster,Male,855-24-7078,7899278258,20528 Cherokee Parkway,hmacallaster4k@newsvine.com
Ms,Hadley,Behrens,Male,308-79-5541,8634886746,93 Schurz Avenue,hbehrens4l@skyrock.com
Ms,Wally,Ansill,Male,106-85-0864,6882973567,26 Almo Avenue,wansill4m@drupal.org
Ms,Beau,Ingilson,Male,508-76-3083,3937196016,06 Aberg Point,bingilson4n@weebly.com
Rev,Bordy,Stammler,Male,282-19-1443,3953753380,49 Bultman Pass,bstammler4o@instagram.com
Honorable,Eada,Scottini,Female,808-11-0772,8841472319,12 Waxwing Park,escottini4p@telegraph.co.uk
Dr,Kennie,Wearing,Male,392-58-5826,2973149345,193 Petterle Alley,kwearing4q@github.io
Dr,Scott,Swains,Male,632-08-9786,9755331243,4 Banding Center,sswains4r@typepad.com
Honorable,Phelia,Seccombe,Female,620-30-1036,3302742158,457 Derek Place,pseccombe4s@shutterfly.com
Honorable,Shantee,Ortells,Female,291-83-8848,9176294730,7 Pepper Wood Place,sortells4t@eventbrite.com
Mrs,Ronald,Fairebrother,Male,836-51-0781,4301609641,5576 Southridge Court,rfairebrother4u@issuu.com
Ms,Ferdinand,Janney,Male,345-18-6954,9454306217,4 Stang Terrace,fjanney4v@google.com.au
Mr,Haven,Bonnin,Male,132-64-7830,7898489638,33 Monument Parkway,hbonnin4w@usa.gov
Dr,Tildi,Greenaway,Female,790-08-4915,4021211174,892 Delaware Lane,tgreenaway4x@nymag.com
Mr,Emalia,Windous,Female,635-71-7374,1377952614,3 Clyde Gallagher Street,ewindous4y@google.co.uk
Mr,Willem,Boler,Male,800-65-9115,4078835763,395 Sutherland Parkway,wboler4z@exblog.jp
Mrs,Dewain,Fradson,Male,329-86-6435,1369960470,10 Sunbrook Plaza,dfradson50@msn.com
Ms,Kalle,Watkiss,Male,869-28-0466,8655344011,7796 Buena Vista Hill,kwatkiss51@joomla.org
Mr,Coreen,Touzey,Female,167-09-1658,1107504243,21630 Lyons Plaza,ctouzey52@ihg.com
Mr,Sylas,Kinzett,Male,124-30-0837,9682263260,69 Dayton Parkway,skinzett53@kickstarter.com
Honorable,Drugi,Fritter,Male,248-32-6324,7715922573,737 Little Fleur Terrace,dfritter54@aboutads.info
Dr,Cassy,Akerman,Female,559-11-3282,9724928889,13345 Maple Trail,cakerman55@senate.gov
Mr,Winny,Rimington,Female,195-75-7724,6725748744,87 Stephen Junction,wrimington56@indiatimes.com
Mrs,Angus,Birtley,Male,659-99-1259,9156522308,56 Stuart Street,abirtley57@home.pl
Ms,Gaile,Clute,Male,898-40-0204,5503989891,51827 Nevada Trail,gclute58@huffingtonpost.com
Mrs,Corine,MacRitchie,Female,809-71-2708,1521803745,1 Almo Lane,cmacritchie59@jiathis.com
Dr,Sherman,Tredgold,Male,402-26-9404,4891307063,4454 Scofield Park,stredgold5a@stumbleupon.com
Rev,Jazmin,Caudwell,Female,797-66-0490,3997360300,3538 Milwaukee Point,jcaudwell5b@hatena.ne.jp
Honorable,Cesaro,Ashforth,Male,779-43-1809,7907940149,64154 Fuller Trail,cashforth5c@washington.edu
Ms,Ring,Adelberg,Male,704-28-3385,1069308437,531 Texas Lane,radelberg5d@example.com
Mr,Matilda,Caress,Female,776-80-3622,3147840773,3 Jackson Drive,mcaress5e@newyorker.com
Honorable,Enos,Offell,Male,168-38-8944,7005031208,9 Warrior Alley,eoffell5f@wordpress.com
Honorable,Marnia,Guerri,Female,640-47-4686,1499493815,9 Del Mar Way,mguerri5g@plala.or.jp
Mrs,Timmi,Grace,Female,760-30-1508,1406698759,23222 Hooker Lane,tgrace5h@uol.com.br
Dr,Ethelbert,McLanachan,Male,741-43-8264,4534914601,038 Hanson Park,emclanachan5i@drupal.org
Honorable,Rustin,Weldrake,Male,470-23-7571,3582529382,506 Old Shore Drive,rweldrake5j@uol.com.br
Dr,Donni,Gingedale,Female,352-48-1986,9244880022,1 Oriole Court,dgingedale5k@icq.com
Dr,Justin,Tumber,Male,137-13-2620,2041912231,50853 Cambridge Park,jtumber5l@skype.com
Honorable,Berkly,Shrimpling,Male,154-48-1320,6806156861,61 Forest Dale Trail,bshrimpling5m@etsy.com
Mr,Cynthia,Ziemecki,Female,108-07-4236,6575513922,80 Caliangt Court,cziemecki5n@usgs.gov
Rev,Tabina,McAuliffe,Female,248-13-0243,2831141450,7954 Esch Center,tmcauliffe5o@intel.com
Rev,Cale,Buglass,Male,212-08-7118,3965551777,1 Muir Park,cbuglass5p@acquirethisname.com
Mrs,Aloisia,Durnan,Female,446-38-8381,7283063995,50726 Oakridge Park,adurnan5q@sourceforge.net
Dr,Ruthann,Pariso,Female,168-81-1418,9693006538,4613 Montana Plaza,rpariso5r@de.vu
Mr,Benton,Birts,Male,175-42-8752,7012662643,50849 Oak Valley Street,bbirts5s@house.gov
Mr,Editha,Mccaull,Female,343-18-2124,9338614752,83168 Summerview Pass,emccaull5t@nbcnews.com
Dr,Clovis,Bedrosian,Female,622-57-1087,1941428074,61265 Fieldstone Street,cbedrosian5u@163.com
Mrs,Spenser,Henfre,Male,418-33-5951,8491082483,907 Annamark Crossing,shenfre5v@umn.edu
Mr,Claribel,Cudd,Female,409-54-1071,6026542579,1 Independence Trail,ccudd5w@themeforest.net
Ms,Agnola,Minards,Female,799-75-6195,2178254379,7 Londonderry Way,aminards5x@360.cn
Ms,Archer,Flemyng,Male,173-31-5013,8139524872,19 Kropf Drive,aflemyng5y@mapquest.com
Honorable,Yolande,Gadman,Female,234-54-7557,7517410684,83208 3rd Alley,ygadman5z@senate.gov
Mrs,Frankie,McClenaghan,Male,200-57-2223,4832395148,8 Johnson Court,fmcclenaghan60@noaa.gov
Ms,Joshuah,Wellings,Male,853-41-7264,8993342535,9086 Kim Center,jwellings61@sakura.ne.jp
Rev,Allissa,Gleaves,Female,147-35-7549,9082237165,34 Green Ridge Crossing,agleaves62@woothemes.com
Dr,Sidoney,Ubsdell,Female,515-35-0176,3205935830,0198 Burning Wood Road,subsdell63@hatena.ne.jp
Mr,Zebulon,Mattiazzi,Male,588-99-2232,3116629377,78535 Melby Junction,zmattiazzi64@issuu.com
Dr,Pauletta,Lowfill,Female,375-97-7506,3687968386,51048 Merrick Court,plowfill65@lycos.com
Rev,Fabiano,Castiglione,Male,601-36-1739,9998164969,35753 Logan Trail,fcastiglione66@sciencedirect.com
Mrs,Paddy,Keets,Male,606-96-2419,9729584397,358 Ruskin Lane,pkeets67@51.la
Honorable,Waite,Provis,Male,758-11-3312,9171280708,4994 Hollow Ridge Alley,wprovis68@narod.ru
Ms,Meaghan,Raden,Female,285-70-6933,6897294146,344 Tennessee Plaza,mraden69@dell.com
Rev,Otes,Milier,Male,752-22-1581,5723517662,74691 Veith Circle,omilier6a@symantec.com
Mrs,Clem,Steptow,Male,459-28-0615,8346242226,74822 Nevada Alley,csteptow6b@tiny.cc
Mrs,Will,Feeney,Male,757-62-7555,7085127253,57984 Hagan Parkway,wfeeney6c@flickr.com
Ms,Red,McKeller,Male,256-01-1213,9592664583,749 Kingsford Point,rmckeller6d@printfriendly.com
Rev,Helena,Woodrup,Female,374-74-7019,8836426974,4203 Eastwood Street,hwoodrup6e@webs.com
Mrs,Chane,McGuff,Male,390-74-8575,3332846808,6586 Loomis Center,cmcguff6f@xing.com
Honorable,Florina,Whetnell,Female,320-63-8490,6449650521,4 Emmet Lane,fwhetnell6g@dmoz.org
Rev,Seline,Jovanovic,Female,115-74-3220,8781629033,0 Nancy Point,sjovanovic6h@wp.com
Dr,Meir,Itzkowicz,Male,504-34-5522,7133068807,23504 Village Alley,mitzkowicz6i@smugmug.com
Dr,Sarah,Franiak,Female,668-90-3537,5533605665,4743 Merrick Court,sfraniak6j@t-online.de
Rev,Camey,Kearney,Male,525-22-2637,6209885670,921 Morning Way,ckearney6k@pinterest.com
Mr,Masha,Dolton,Female,276-83-6610,6514063732,141 Kedzie Point,mdolton6l@123-reg.co.uk
Mrs,Meier,Godbald,Male,428-80-1480,2028251254,611 Manitowish Circle,mgodbald6m@gov.uk
Dr,Janaya,Gorhardt,Female,470-17-4182,2121398883,9572 Elka Street,jgorhardt6n@forbes.com
Mrs,Vonni,Cleaveland,Female,852-31-7240,6633752138,51 Dovetail Road,vcleaveland6o@un.org
Mrs,Pippo,Marquiss,Male,448-43-3156,2363128688,9792 Melby Court,pmarquiss6p@jugem.jp
Mrs,Ranna,Spellicy,Female,153-62-4805,4351354337,25132 Lukken Park,rspellicy6q@usnews.com
Ms,Chevy,MacMenamy,Male,109-84-6927,9865365895,8020 Darwin Place,cmacmenamy6r@addtoany.com
Honorable,Karlis,Kettlesting,Male,865-14-0345,5841144419,1 Elgar Road,kkettlesting6s@ovh.net
Mrs,Jennifer,Towhey,Female,298-82-4613,3443026623,9 Fallview Avenue,jtowhey6t@alibaba.com
Honorable,Kania,Veysey,Female,468-11-6164,5901317973,5148 Meadow Valley Lane,kveysey6u@multiply.com
Honorable,Dory,Sugg,Male,163-25-4968,4505987726,06 Division Avenue,dsugg6v@elegantthemes.com
Rev,Haslett,Siddle,Male,880-72-5695,9996526978,77652 Monument Point,hsiddle6w@mayoclinic.com
Ms,Rorke,Radbourne,Male,841-88-7263,4646885252,56 Mcbride Circle,rradbourne6x@ebay.co.uk
Rev,Isador,Dargie,Male,459-74-0674,6252686182,67 Michigan Plaza,idargie6y@delicious.com
Dr,Roderich,Gorey,Male,736-23-0921,4764442651,14733 Sunfield Street,rgorey6z@sina.com.cn
Mr,Dannie,Godbolt,Male,151-08-6610,3692613242,320 Goodland Circle,dgodbolt70@dyndns.org
Rev,Philis,Cain,Female,483-60-3097,7062627373,4655 Myrtle Terrace,pcain71@bigcartel.com
Honorable,Pembroke,Christin,Male,559-02-5517,4499355474,236 Pearson Center,pchristin72@quantcast.com
Mr,Terese,Di Ruggero,Female,746-51-3025,2088207345,3834 Eagle Crest Point,tdiruggero73@ted.com
Ms,Arleen,Simunek,Female,198-29-8566,9477870181,74 Caliangt Drive,asimunek74@mediafire.com
Honorable,Savina,Fairhead,Female,119-38-9863,9593473157,0325 Schmedeman Place,sfairhead75@shutterfly.com
Rev,Demetrius,Tiuit,Male,469-97-4294,6866256048,22 Ludington Center,dtiuit76@washingtonpost.com
Rev,Vivianne,Harmour,Female,433-53-4124,5159607287,1351 Messerschmidt Parkway,vharmour77@wix.com
Mr,Priscella,Sola,Female,608-56-9672,1811767424,868 Independence Pass,psola78@oracle.com
Rev,Daron,Fenelow,Female,103-98-3725,6304384923,3 Loftsgordon Court,dfenelow79@ucsd.edu
Mrs,Ludvig,Olivia,Male,536-47-0607,9712122132,770 Del Sol Pass,lolivia7a@jigsy.com
Dr,Bear,Gilbride,Male,646-81-1009,8648786253,11 Hauk Drive,bgilbride7b@lulu.com
Honorable,Minne,Alu,Female,282-53-0132,5783696114,75713 Pepper Wood Way,malu7c@biblegateway.com
Mr,Dru,Critchard,Male,688-99-2224,1765375576,9450 Heath Park,dcritchard7d@hostgator.com
Ms,Maynord,Blasl,Male,506-78-3397,7601664338,4607 Cordelia Court,mblasl7e@livejournal.com
Dr,Sheilah,Lenthall,Female,428-19-3392,7618757474,44956 Ryan Circle,slenthall7f@cafepress.com
Dr,Ruby,Coare,Male,875-63-7705,2631521349,837 Ruskin Avenue,rcoare7g@reddit.com
Dr,Francoise,Rogger,Female,610-02-1399,4995501194,139 Thackeray Avenue,frogger7h@aboutads.info
Honorable,Lanni,Lippingwell,Female,185-28-1704,1343399841,3380 Moulton Parkway,llippingwell7i@chronoengine.com
Dr,Mason,Dyde,Male,728-79-8681,9328759169,985 Bobwhite Trail,mdyde7j@jugem.jp
Ms,Cull,Trayte,Male,791-89-5037,6683033779,62 Merrick Pass,ctrayte7k@php.net
Honorable,Cami,Cakes,Female,658-06-9709,4528211066,3 Fairfield Avenue,ccakes7l@irs.gov
Mr,Vannie,Rozea,Female,113-99-3603,7773678628,5 Elmside Plaza,vrozea7m@opera.com
Rev,Clemmie,Mountney,Female,653-25-2260,5279042148,4113 Lien Hill,cmountney7n@unblog.fr
Dr,Zenia,Levene,Female,295-64-6973,6432336388,549 Stephen Junction,zlevene7o@ca.gov
Honorable,Trey,Daens,Male,514-98-5406,8992298913,52007 La Follette Place,tdaens7p@nydailynews.com
Ms,Margareta,Vedenyakin,Female,524-73-7911,9709327869,04177 Bay Plaza,mvedenyakin7q@amazonaws.com
Mrs,Frazier,Shellard,Male,220-53-0190,3159556442,10590 Spaight Alley,fshellard7r@skyrock.com
Honorable,Garvin,Spurden,Male,328-72-5891,5421801589,75671 Eastwood Pass,gspurden7s@ox.ac.uk
Dr,Moishe,Inglesant,Male,400-32-3331,7887491287,1141 Springs Point,minglesant7t@cdc.gov
Rev,Melina,Bovaird,Female,690-38-6779,5425350882,4 Village Pass,mbovaird7u@cisco.com
Ms,Lennie,Moyce,Male,351-91-3587,9361042146,7942 Fallview Terrace,lmoyce7v@nps.gov
Rev,Hodge,Guess,Male,182-65-4806,9854003767,876 Sundown Street,hguess7w@prlog.org
Rev,Wolfy,Toner,Male,194-68-9947,5191207927,6 Aberg Pass,wtoner7x@creativecommons.org
Rev,Josiah,Croxton,Male,579-03-3465,8407103087,38 New Castle Trail,jcroxton7y@t.co
Mr,Cathe,Allden,Female,167-16-1747,5055297426,464 Hoepker Way,callden7z@wikispaces.com
Rev,Galvin,Foker,Male,281-50-8297,5111663171,48 Magdeline Lane,gfoker80@prweb.com
Honorable,Harry,Maidstone,Male,271-28-5109,9168183602,33 Boyd Plaza,hmaidstone81@foxnews.com
Ms,Reggy,Mossdale,Male,113-03-9962,3446280683,04 Dennis Park,rmossdale82@bluehost.com
Rev,Aylmar,Impey,Male,545-11-0219,3918696137,2 Eliot Park,aimpey83@senate.gov
Mrs,Cyril,Sillis,Male,139-69-8878,7759768376,3568 1st Plaza,csillis84@ycombinator.com
Rev,Trent,Hazeldene,Male,164-66-8632,6687211965,04924 Northwestern Junction,thazeldene85@opensource.org
Ms,Joaquin,Fausset,Male,225-38-3510,2915325232,6415 Crescent Oaks Road,jfausset86@yelp.com
Ms,Rabi,Roberti,Male,472-20-8498,8821760643,4856 Blackbird Road,rroberti87@nba.com
Rev,Micheil,Roycroft,Male,667-25-3939,2011620511,46305 Montana Terrace,mroycroft88@edublogs.org
Ms,Joan,Gullis,Female,110-44-7330,3441023889,998 Commercial Parkway,jgullis89@ocn.ne.jp
Dr,Desmund,Duncan,Male,258-05-0258,5709427363,2 Loftsgordon Trail,dduncan8a@ucla.edu
Rev,Ibby,Brock,Female,110-84-4586,2051384173,3 Loomis Place,ibrock8b@go.com
Ms,Rivi,Paulus,Female,133-33-2750,2778225157,1 Anthes Junction,rpaulus8c@chicagotribune.com
Mr,Lyell,Aronov,Male,421-16-0008,1154549831,96925 Pepper Wood Lane,laronov8d@ucoz.ru
Mrs,Gino,Denziloe,Male,654-44-2099,6778006539,898 Norway Maple Terrace,gdenziloe8e@flickr.com
Honorable,Skylar,Campe,Male,165-04-4305,7213262838,46 Mockingbird Terrace,scampe8f@ucsd.edu
Dr,Lynsey,Whitland,Female,504-20-3786,5085954479,7208 Oak Drive,lwhitland8g@acquirethisname.com
Honorable,Julius,Osgar,Male,893-67-5763,7597242505,18231 Luster Crossing,josgar8h@nature.com
Honorable,Jeremias,Mc Curlye,Male,830-43-2041,2899480285,14 Arapahoe Trail,jmccurlye8i@google.com
Mr,Lucilia,Wannell,Female,860-53-5363,9637994494,4 Anniversary Circle,lwannell8j@youtube.com
Honorable,Clarinda,Parrington,Female,441-64-3935,1154721992,10 Autumn Leaf Drive,cparrington8k@unicef.org
Ms,Maryanna,Wadie,Female,193-16-2967,4487259493,4346 Rowland Point,mwadie8l@statcounter.com
Ms,Kilian,Ethelstone,Male,192-54-9788,9129099517,45699 Debra Lane,kethelstone8m@sina.com.cn
Rev,Gerry,Baurerich,Male,582-45-9741,9923573952,8830 Thompson Hill,gbaurerich8n@chronoengine.com
Honorable,Dimitry,Haulkham,Male,816-80-4626,8409788876,83 Eagan Road,dhaulkham8o@techcrunch.com
Rev,Annalise,Tivolier,Female,667-92-8364,7598020311,2506 Brown Lane,ativolier8p@phpbb.com
Honorable,Gaspar,Doyley,Male,141-85-9186,5881509550,761 Darwin Junction,gdoyley8q@webmd.com
Mrs,Hamnet,Brandes,Male,329-05-5411,9132836396,17 Gulseth Center,hbrandes8r@virginia.edu
Dr,Felizio,Goodhew,Male,838-10-4110,5815116699,679 Goodland Court,fgoodhew8s@microsoft.com
Dr,Clovis,Whittock,Female,309-30-0953,7344711243,45859 Rowland Circle,cwhittock8t@ustream.tv
Mr,Brianna,Fendlen,Female,802-12-5831,6229262933,669 Morning Court,bfendlen8u@cdc.gov
Rev,Sheree,Clute,Female,897-68-8483,9657305527,67 Dennis Junction,sclute8v@arstechnica.com
Honorable,Lukas,Valencia,Male,472-28-3252,5771112635,12 Village Parkway,lvalencia8w@tinypic.com
Mr,Claiborn,Eustace,Male,479-54-6263,3514539774,5606 Aberg Center,ceustace8x@mac.com
Dr,Minetta,Sheirlaw,Female,653-37-7757,3171328385,86688 Dapin Place,msheirlaw8y@msn.com
Mr,Verney,O'Connolly,Male,724-09-3551,4389434296,0 Bashford Pass,voconnolly8z@goo.gl
Ms,Creight,Sandbach,Male,623-59-8952,3062161389,1 Thierer Alley,csandbach90@timesonline.co.uk
Ms,Talya,Juares,Female,716-53-3200,8619566267,3 Shopko Parkway,tjuares91@skyrock.com
Mr,Milzie,Punton,Female,427-48-5759,7033012311,9646 Prairieview Way,mpunton92@livejournal.com
Dr,Sanford,Baise,Male,573-57-6083,7229051108,3640 Oakridge Street,sbaise93@phoca.cz
Dr,Marybelle,Madigan,Female,870-98-5420,1675150338,31015 Katie Center,mmadigan94@mashable.com
Mrs,Hillier,Nurcombe,Male,318-41-9377,8793405968,7 Rockefeller Road,hnurcombe95@jalbum.net
Mr,Oswald,Swaffer,Male,550-56-8546,6676915238,84318 Fieldstone Crossing,oswaffer96@infoseek.co.jp
Rev,Elise,Weedall,Female,386-01-2872,8332897080,0270 Talmadge Trail,eweedall97@arizona.edu
Honorable,Cammie,Throssell,Female,409-95-5685,7558826842,1021 Continental Hill,cthrossell98@yahoo.co.jp
Mr,Walton,Jerromes,Male,549-25-7059,1514586894,7300 Homewood Avenue,wjerromes99@1688.com
Dr,Gaby,Leneham,Female,316-63-8357,4688231212,1 Londonderry Place,gleneham9a@bbb.org
Honorable,Chelsey,Bluett,Female,107-46-7444,2727396810,196 Melvin Plaza,cbluett9b@infoseek.co.jp
Mrs,Caressa,Gunter,Female,537-47-4978,9537515263,1 Saint Paul Circle,cgunter9c@posterous.com
Dr,April,Overthrow,Female,581-64-2683,1513542361,2866 Thackeray Drive,aoverthrow9d@china.com.cn
Honorable,Moll,Netherwood,Female,621-69-7485,5347781692,0 Jenna Way,mnetherwood9e@networksolutions.com
Dr,Abel,Gallety,Male,631-30-8832,1415223563,0601 Barby Pass,agallety9f@slideshare.net
Mr,Danna,Jiras,Female,248-67-4980,1215229075,56851 Pierstorff Street,djiras9g@gizmodo.com
Mr,Philomena,Lorentz,Female,236-07-6491,6441621775,88848 Redwing Parkway,plorentz9h@mail.ru
Mr,Antons,Semor,Male,830-87-3922,2127255208,5797 Menomonie Point,asemor9i@reuters.com
Dr,Nady,Featherstonhalgh,Female,129-21-0284,5836958928,012 Dennis Trail,nfeatherstonhalgh9j@bloomberg.com
Mrs,Clemente,Tebb,Male,740-43-8178,8293839108,035 Lerdahl Center,ctebb9k@icio.us
Rev,Yvor,Cromblehome,Male,256-19-8853,3687102868,3795 Killdeer Street,ycromblehome9l@wikia.com
Rev,Renie,Wehnerr,Female,612-46-7490,7075631360,948 Harbort Parkway,rwehnerr9m@oakley.com
Dr,Jule,Cleef,Male,784-37-5072,5489835151,5 Evergreen Court,jcleef9n@un.org
Dr,Jackie,Nason,Female,548-73-8506,6465856285,051 Vera Drive,jnason9o@mit.edu
Honorable,Petunia,Fronzek,Female,899-51-9162,5518849649,5738 Scott Hill,pfronzek9p@admin.ch
Honorable,Shirl,Tuley,Female,354-27-8336,2545333290,29614 Manufacturers Pass,stuley9q@hugedomains.com
Ms,Bond,Matuska,Male,783-19-6067,4883951087,468 Armistice Parkway,bmatuska9r@jugem.jp
Mr,Wenonah,Kilborn,Female,320-19-1542,1413903418,55 Glendale Terrace,wkilborn9s@de.vu
Mrs,Basile,Diaper,Male,175-25-3261,4968524941,12596 Killdeer Point,bdiaper9t@eventbrite.com
Dr,Kristofor,Collinwood,Male,589-42-7012,2254731959,32298 8th Drive,kcollinwood9u@t.co
Mr,Katrine,Viste,Female,410-75-1803,7368694524,32 Cottonwood Way,kviste9v@netvibes.com
Ms,Reinaldo,Volke,Male,834-09-0224,3005427714,3447 Harper Trail,rvolke9w@amazon.co.uk
Mr,Shepherd,Causier,Male,212-34-4319,4038031174,43 Green Plaza,scausier9x@mysql.com
Honorable,Jewell,Burdekin,Female,468-01-9148,4185301089,67854 Summer Ridge Point,jburdekin9y@shinystat.com
Honorable,Red,Villalta,Male,713-13-9960,2063089215,54643 La Follette Park,rvillalta9z@google.cn
Dr,Boris,Cotterill,Male,717-93-7943,7792347273,26 Briar Crest Alley,bcotterilla0@vimeo.com
Honorable,Dinah,Lamzed,Female,694-08-7623,6968334637,41 Melrose Point,dlamzeda1@ycombinator.com
Mr,Baldwin,Trice,Male,487-96-5891,8927619137,57 Lyons Circle,btricea2@t.co
Ms,Constantine,Hull,Female,886-01-5931,2181208766,30 Kinsman Hill,chulla3@vimeo.com
Mrs,Alyda,Holyard,Female,420-96-3110,7331305930,0222 Troy Alley,aholyarda4@last.fm
Mrs,Ketti,Murt,Female,716-88-7792,3565018666,268 Hazelcrest Place,kmurta5@narod.ru
Ms,Sargent,Hover,Male,400-05-8055,2269860619,7 Sutherland Pass,shovera6@newsvine.com
Rev,Horatius,Sandbatch,Male,578-65-6505,8974093527,8810 Marquette Pass,hsandbatcha7@statcounter.com
Rev,Rona,Worcester,Female,649-95-7144,3823979184,9072 Magdeline Way,rworcestera8@mit.edu
Ms,Asher,Waterstone,Male,745-64-7977,8314649214,3531 Rigney Parkway,awaterstonea9@usatoday.com
Honorable,Marleen,Saile,Female,103-04-1212,6913803205,827 Walton Center,msaileaa@xrea.com
Mrs,Lynn,Parradice,Male,443-38-2561,8152161935,11444 Hermina Drive,lparradiceab@ask.com
Mrs,Thedric,Hamblett,Male,682-50-8344,9768211767,5994 Jenifer Lane,thamblettac@t.co
Dr,Haskel,Hedditch,Male,764-38-8601,6714053274,4144 Kinsman Park,hhedditchad@hubpages.com
Mr,Hyacinth,Lenham,Female,510-26-4932,6415097323,4658 Manufacturers Way,hlenhamae@utexas.edu
Honorable,Tremain,Paradine,Male,253-23-2724,8295809123,8 Emmet Trail,tparadineaf@ibm.com
Mr,Mordecai,Stoade,Male,507-73-2444,3335405190,9256 Chinook Way,mstoadeag@forbes.com
Honorable,Bart,McLanaghan,Male,655-19-2796,2872956284,5637 Scofield Avenue,bmclanaghanah@ameblo.jp
Rev,Devon,Jeger,Female,159-97-7476,8617662706,235 Del Mar Plaza,djegerai@youku.com
Rev,Elwin,Pauletto,Male,719-10-4385,3676062312,025 Fieldstone Way,epaulettoaj@t.co
Mr,Stearn,Dahlbom,Male,269-40-1051,9043626393,1 Raven Terrace,sdahlbomak@ebay.co.uk
Honorable,Shir,Mines,Female,230-97-6876,6258093335,3 Randy Circle,sminesal@tuttocitta.it
Rev,Batsheva,Siaspinski,Female,673-69-0747,5633561384,22040 Golf Terrace,bsiaspinskiam@domainmarket.com
Mr,Stuart,Adlington,Male,203-31-5399,4969647656,9350 Hintze Junction,sadlingtonan@taobao.com
Mr,Rawley,Mebes,Male,190-37-7444,4601289091,961 Clyde Gallagher Circle,rmebesao@google.co.jp
Ms,Tine,Joules,Female,113-31-7872,4723161878,0973 Melrose Park,tjoulesap@tripadvisor.com
Honorable,Hatti,Varfalameev,Female,215-62-9417,7367889118,6 Forest Dale Court,hvarfalameevaq@deliciousdays.com
Ms,Bertram,Scoggan,Male,583-62-9122,3242893906,4 Brentwood Lane,bscogganar@posterous.com
Mr,Jannelle,Hunter,Female,141-02-0123,4597779626,690 Bluestem Alley,jhunteras@utexas.edu
Ms,Lynea,Flett,Female,142-95-6368,3856341883,5942 Ryan Circle,lflettat@zdnet.com
Dr,Clayborne,Haggar,Male,469-58-8635,4295298978,7156 Lakewood Drive,chaggarau@printfriendly.com
Dr,Blinny,Swinnerton,Female,294-55-8529,9937270086,5 Sullivan Drive,bswinnertonav@illinois.edu
Ms,Grannie,Lared,Male,310-37-9704,1513804098,1 Glacier Hill Terrace,glaredaw@skype.com
Mrs,Antoinette,Pharo,Female,258-93-6624,7898817225,45 Quincy Pass,apharoax@jimdo.com
Honorable,Thornie,Arrell,Male,319-60-9923,5431286648,2282 Ronald Regan Plaza,tarrellay@ning.com
Dr,Willa,Castane,Female,212-44-0479,3683633829,03 Superior Road,wcastaneaz@amazonaws.com
Mrs,Madge,Pieters,Female,543-50-2616,2015984660,11159 Dorton Center,mpietersb0@fc2.com
Dr,Franky,Duley,Male,696-45-6915,8136602097,350 Novick Park,fduleyb1@purevolume.com
Dr,Truman,Wetherell,Male,749-36-5817,5538683945,0816 John Wall Terrace,twetherellb2@prnewswire.com
Ms,Jeanie,Jansie,Female,649-36-9783,1636772080,6417 Meadow Ridge Drive,jjansieb3@rakuten.co.jp
Mr,Suellen,Walak,Female,460-26-0848,1842439133,8832 La Follette Alley,swalakb4@cocolog-nifty.com
Mr,Ofilia,Starten,Female,162-34-3651,9092308426,3909 Elmside Junction,ostartenb5@xing.com
Mrs,Danell,Bythell,Female,457-53-7699,7587011511,7 Mcguire Street,dbythellb6@nyu.edu
Mr,Randa,Caskie,Female,453-47-0884,4021900234,3600 Sheridan Terrace,rcaskieb7@pcworld.com
Mrs,Florrie,Pitcaithly,Female,512-19-5929,3258073669,07 Bonner Parkway,fpitcaithlyb8@java.com
Dr,Erinn,Cowans,Female,370-98-2309,1811787078,119 Shasta Circle,ecowansb9@pinterest.com
Mrs,Shellie,Flawn,Female,475-47-2516,7947955953,47 Lunder Junction,sflawnba@zdnet.com
Mrs,Letisha,Burniston,Female,870-95-4420,9209245624,782 Ryan Lane,lburnistonbb@webmd.com
Mrs,Cece,Kirkpatrick,Male,514-05-1839,1395204294,3444 4th Park,ckirkpatrickbc@drupal.org
Dr,Thomasine,Ervine,Female,176-31-6870,1321874819,0 Tennyson Hill,tervinebd@tamu.edu
Mr,Rollins,Fardon,Male,191-91-3684,4527832056,556 Hermina Hill,rfardonbe@addthis.com
Mrs,Elene,Dorr,Female,209-68-3455,7231852403,4494 Thackeray Pass,edorrbf@sfgate.com
Mrs,Roch,Neasam,Female,538-79-6367,6019304140,73658 Oxford Junction,rneasambg@sohu.com
Mr,Nata,Bootyman,Female,698-11-2867,3813660453,9819 Merchant Terrace,nbootymanbh@simplemachines.org
Mrs,Glenden,McClary,Male,878-90-5571,8066983686,4 Moose Trail,gmcclarybi@artisteer.com
Honorable,Opalina,Bramwell,Female,115-24-8356,9635742399,46 Havey Circle,obramwellbj@unicef.org
Ms,Antonetta,Dawley,Female,423-38-4391,7441589381,82186 Crest Line Parkway,adawleybk@google.fr
Honorable,Lexie,Sousa,Female,513-33-3166,1007574603,20343 Muir Way,lsousabl@cyberchimps.com
Ms,Dianne,Ackland,Female,140-38-1230,7863393936,954 Boyd Street,dacklandbm@blinklist.com
Dr,Peter,Sturdey,Male,714-86-9695,5172280333,28708 Havey Pass,psturdeybn@gmpg.org
Mr,Beret,Chessel,Female,266-01-8343,1125117339,27607 Kropf Circle,bchesselbo@shinystat.com
Dr,Antonietta,Caddies,Female,727-26-7027,2025997504,334 Erie Avenue,acaddiesbp@devhub.com
Mrs,Wallis,Salatino,Female,742-12-8589,8935413995,47 Almo Avenue,wsalatinobq@hp.com
Ms,Jessie,Maynell,Male,659-71-0558,5072336465,373 Lukken Street,jmaynellbr@marketwatch.com
Mr,Corina,Zucker,Female,494-58-4831,4565479576,32 Cottonwood Parkway,czuckerbs@nhs.uk
Mr,Camala,Klug,Female,876-57-8422,4844376543,2585 Muir Crossing,cklugbt@live.com
Mrs,Bernardine,Antunez,Female,360-09-8207,6817723592,622 Main Park,bantunezbu@usatoday.com
Honorable,Saunders,Pyrton,Male,428-22-9745,1447049551,4661 Bunker Hill Way,spyrtonbv@aol.com
Rev,Mortie,Copp,Male,258-57-5453,8617822103,795 American Ash Lane,mcoppbw@pagesperso-orange.fr
Honorable,Johnathan,Daish,Male,795-68-0203,8488034573,95 Ilene Circle,jdaishbx@nhs.uk
Ms,Chaddie,Glencros,Male,886-47-7113,1324774086,56688 Harbort Drive,cglencrosby@bloomberg.com
Dr,Merwin,Annear,Male,474-94-6565,8734969345,61002 Merchant Way,mannearbz@163.com
Mr,Effie,Danko,Female,824-41-6869,1298548766,30 Debs Street,edankoc0@goo.gl
Mr,Sybila,Creaney,Female,405-90-9738,8082954412,914 Marquette Parkway,screaneyc1@gov.uk
Dr,Dylan,Kubacek,Male,488-50-6023,5223138669,85996 Londonderry Center,dkubacekc2@clickbank.net
Mrs,Vicki,Belshaw,Female,893-43-5706,4581999905,94603 Roth Park,vbelshawc3@cargocollective.com
Mrs,Washington,Fisby,Male,323-27-5081,1429290549,9804 Parkside Lane,wfisbyc4@ycombinator.com
Mr,Pembroke,Pharrow,Male,732-20-7069,5882507752,26397 Bonner Park,ppharrowc5@lycos.com
Honorable,Jerrilyn,McKeller,Female,744-89-3098,3478551108,659 Basil Crossing,jmckellerc6@upenn.edu
Mr,Dino,Ivoshin,Male,745-71-2991,3378848695,753 La Follette Road,divoshinc7@wp.com
Honorable,Cobbie,MacUchadair,Male,224-98-6415,8828260421,225 Almo Street,cmacuchadairc8@nba.com
Dr,Zedekiah,Pitbladdo,Male,374-65-6926,6808839692,8214 Armistice Trail,zpitbladdoc9@aboutads.info
Honorable,Rafael,Brashier,Male,524-50-5389,3847228544,69127 Norway Maple Point,rbrashierca@zdnet.com
Honorable,Nappy,Burland,Male,545-39-1839,3978186036,47107 Utah Terrace,nburlandcb@loc.gov
Rev,Tine,Basant,Female,869-88-6860,9896292442,556 Welch Trail,tbasantcc@imgur.com
Dr,Brok,Compston,Male,165-35-4097,9288962259,817 Artisan Trail,bcompstoncd@spotify.com
Mrs,Nedi,Clemmey,Female,648-24-2223,8516918306,27377 Mayer Crossing,nclemmeyce@bloglines.com
Mr,Rayna,Zambonini,Female,618-36-0610,1714983336,79699 Kennedy Street,rzamboninicf@360.cn
Mrs,Alta,Murname,Female,455-84-4878,1683810293,6 Kipling Park,amurnamecg@ebay.com
Honorable,Dionysus,Tander,Male,542-41-8041,1074064285,839 Mendota Parkway,dtanderch@squarespace.com
Honorable,Jonie,Burless,Female,820-01-1685,6157457671,4217 Pine View Hill,jburlessci@miitbeian.gov.cn
Honorable,Carlotta,Enoch,Female,113-81-3769,6966390765,5 Evergreen Crossing,cenochcj@marriott.com
Rev,Emmerich,Leadstone,Male,700-04-0266,9168255451,00 Raven Point,eleadstoneck@chicagotribune.com
Ms,Cullie,Picton,Male,435-85-1711,7996487884,473 Kedzie Lane,cpictoncl@tripod.com
Honorable,Geri,Scryne,Female,703-38-9439,3099709223,4531 Arizona Terrace,gscrynecm@parallels.com
Honorable,Patten,Levett,Male,611-46-1527,8927640587,4608 Claremont Terrace,plevettcn@reuters.com
Ms,Beryle,Hiley,Female,702-40-6855,9739491738,05214 Merrick Court,bhileyco@nba.com
Mr,Isabel,Honniebal,Female,570-13-7249,1254332383,5 Arrowood Parkway,ihonniebalcp@people.com.cn
Rev,Marne,Maidment,Female,711-03-1436,4784798767,66 Mcguire Street,mmaidmentcq@list-manage.com
Rev,Kiri,Robarts,Female,890-67-8813,1587860654,2 6th Parkway,krobartscr@dagondesign.com
Mrs,Genia,Morley,Female,460-96-2591,5146473966,35403 Prairie Rose Center,gmorleycs@engadget.com
Mr,Andy,McLanachan,Male,648-30-2719,5999491532,874 Cody Junction,amclanachanct@reference.com
Honorable,Arther,Snazle,Male,521-37-7856,8758586283,48314 Grayhawk Hill,asnazlecu@alibaba.com
Dr,Ricki,Rope,Male,163-45-3684,9455461561,8 Veith Park,rropecv@netscape.com
Mr,Bab,Pennings,Female,236-89-8901,3272230085,09 Carpenter Plaza,bpenningscw@infoseek.co.jp
Rev,Gabriele,Themann,Male,493-22-2139,4647014194,82881 Blue Bill Park Alley,gthemanncx@yelp.com
Ms,Gaylor,Tollett,Male,238-50-4676,4699867875,5871 Waywood Way,gtollettcy@eventbrite.com
Mrs,Ugo,Anton,Male,303-55-3420,4079311171,63 Esker Street,uantoncz@csmonitor.com
Honorable,Tessie,Lambourn,Female,141-54-1930,2094199119,78311 Cambridge Terrace,tlambournd0@tripadvisor.com
Mrs,Florri,Antonias,Female,475-18-2580,2437219095,1710 Esch Parkway,fantoniasd1@wix.com
Ms,Hi,Ajsik,Male,779-72-2708,2235784040,56614 Fairfield Parkway,hajsikd2@tuttocitta.it
Mr,Walker,Fifield,Male,768-06-6929,4223858164,1 Hoffman Pass,wfifieldd3@google.co.uk
Dr,Shandie,Andrews,Female,779-02-7436,2869955869,853 Eastwood Park,sandrewsd4@ed.gov
Rev,Kessiah,Bellwood,Female,157-75-4045,3232817009,27230 South Road,kbellwoodd5@illinois.edu
Rev,Albina,Showler,Female,826-22-3405,8685241255,08 Badeau Park,ashowlerd6@goo.gl
Dr,Bellanca,Merchant,Female,832-68-4142,1281534097,054 Grim Junction,bmerchantd7@sciencedaily.com
Mrs,Damara,Brugh,Female,754-94-3676,2925214111,8 Colorado Pass,dbrughd8@admin.ch
Mr,Hymie,Cogzell,Male,821-63-5846,9982039210,20348 Burrows Court,hcogzelld9@t.co
Ms,Patience,Dando,Female,679-14-7847,8495637134,75 Kipling Place,pdandoda@wp.com
Rev,Morly,Wardhaugh,Male,167-65-1451,5768161177,77 Logan Court,mwardhaughdb@japanpost.jp
Honorable,Byrom,Arpur,Male,647-89-2317,7001149040,52 Laurel Hill,barpurdc@dot.gov
Dr,Elnar,Antoniutti,Male,307-76-6617,4055367741,677 Schiller Place,eantoniuttidd@cnn.com
Ms,Malanie,Fancourt,Female,601-53-0094,3204511462,963 Green Ridge Avenue,mfancourtde@berkeley.edu
Ms,Kirstyn,Bradly,Female,830-26-3671,3562122232,6 Dunning Avenue,kbradlydf@marriott.com
Ms,Mignonne,Garvill,Female,119-32-0536,9547785359,1513 Sauthoff Road,mgarvilldg@theglobeandmail.com
Honorable,Bebe,Yellowlee,Female,504-89-0950,7726589261,06320 Delladonna Drive,byellowleedh@wunderground.com
Mr,Nelson,Jossum,Male,477-94-5192,4083610112,84222 Towne Avenue,njossumdi@army.mil
Mrs,Simone,Gorler,Female,235-05-7195,3302134294,0 Forest Run Lane,sgorlerdj@dropbox.com
Honorable,Tito,Crates,Male,760-57-9612,9469487364,4 Dawn Center,tcratesdk@google.ca
Rev,Kay,Goeff,Female,453-02-7732,4201230952,2 International Center,kgoeffdl@theguardian.com
Mr,Rod,McDonand,Male,339-49-8097,6051989115,177 Straubel Junction,rmcdonanddm@vk.com
Mr,Wallis,Washbrook,Female,345-07-3116,1294555740,5402 Fallview Place,wwashbrookdn@biblegateway.com
Ms,Gare,Charter,Male,187-83-9573,2244838861,14028 Pepper Wood Parkway,gcharterdo@dell.com
Ms,Diane,Horning,Female,544-06-3286,1151742140,34 Hollow Ridge Plaza,dhorningdp@independent.co.uk
Ms,Siegfried,Stichel,Male,847-89-1491,4995720322,06 Fallview Place,ssticheldq@xrea.com
Rev,Terrie,Blastock,Female,280-29-3949,2426046678,7420 Boyd Crossing,tblastockdr@yahoo.com
Mr,Jaimie,Kuhnke,Female,126-64-9919,5133202954,04 Miller Circle,jkuhnkeds@dion.ne.jp
Mrs,Robby,Mansbridge,Male,142-89-7772,1137835457,84 Cordelia Avenue,rmansbridgedt@weather.com
Dr,Inge,Pledge,Female,354-19-7054,1857275112,03059 Hagan Way,ipledgedu@baidu.com
Honorable,Cyndia,Slowgrave,Female,165-64-7687,7181407874,75122 1st Drive,cslowgravedv@columbia.edu
Honorable,Julio,Hatter,Male,465-23-8835,6895454605,42 Armistice Lane,jhatterdw@pagesperso-orange.fr
Dr,Linoel,Legrave,Male,753-81-7332,9793873495,26400 Roxbury Parkway,llegravedx@edublogs.org
Rev,Lindy,Bissatt,Male,237-86-9454,7177346222,317 Comanche Park,lbissattdy@independent.co.uk
Ms,Darius,Reddan,Male,199-51-6933,6487923029,86129 Scott Center,dreddandz@biblegateway.com
Rev,Timotheus,Hurran,Male,834-77-0446,1204795508,7031 1st Place,thurrane0@mediafire.com
Mrs,Brendin,Burtt,Male,848-33-7731,3095275556,94992 Rockefeller Trail,bburtte1@mlb.com
Mr,Haze,Stutt,Male,346-76-1851,2872576668,16439 1st Hill,hstutte2@canalblog.com
Dr,Cris,Hassin,Male,130-31-1461,8517830365,90 Garrison Lane,chassine3@senate.gov
Ms,Ravid,Kleinert,Male,880-22-7100,9747342684,40326 Wayridge Court,rkleinerte4@zimbio.com
Mr,Brunhilda,Caffin,Female,356-90-5010,2433642654,155 Loomis Trail,bcaffine5@independent.co.uk
Mr,Jesselyn,Alliot,Female,838-07-4563,8063006782,21276 Mitchell Lane,jalliote6@cam.ac.uk
Mr,Winfred,Delacroux,Male,789-11-3626,7823160939,03384 Forest Run Way,wdelacrouxe7@discovery.com
Mrs,Akim,Maasze,Male,503-07-6905,5354381817,432 Sullivan Hill,amaaszee8@surveymonkey.com
Mr,Sauveur,Storr,Male,111-39-0735,4313844588,6777 Russell Crossing,sstorre9@shareasale.com
Dr,Alyce,Feary,Female,562-47-9017,8346993829,32 Sutherland Way,afearyea@marriott.com
Honorable,Eran,Benninck,Female,727-84-9630,8931721735,2397 Hanson Circle,ebenninckeb@spiegel.de
Honorable,Damian,Dumphry,Male,401-34-8705,8004507571,29534 American Ash Circle,ddumphryec@utexas.edu
Mr,Cori,Devonald,Female,645-63-5617,4895900924,607 Atwood Avenue,cdevonalded@ocn.ne.jp
Honorable,Sib,Jozaitis,Female,103-57-0632,3382877416,37758 Darwin Street,sjozaitisee@irs.gov
Dr,Lorelei,Hearl,Female,179-81-9304,8456033160,8 Westport Court,lhearlef@wired.com
Dr,Millisent,Beckham,Female,279-56-8402,5307999382,3078 Westport Pass,mbeckhameg@shop-pro.jp
Rev,Ami,Dilloway,Female,654-79-3744,1803168511,17386 Amoth Way,adillowayeh@cocolog-nifty.com
Ms,Dorise,Hollebon,Female,832-94-8221,1013677892,5103 Iowa Parkway,dhollebonei@google.ca
Mrs,Ida,Kennford,Female,814-32-0168,2077585294,780 Northport Center,ikennfordej@newyorker.com
Honorable,Orsa,Leipold,Female,586-11-0903,3943280288,5 Thierer Pass,oleipoldek@sakura.ne.jp
Mr,Renato,Hapgood,Male,628-45-7004,9873393453,991 Sloan Way,rhapgoodel@webeden.co.uk
Mrs,Bella,Deboy,Female,524-91-2520,1346078696,163 Briar Crest Alley,bdeboyem@1und1.de
Honorable,Nevins,Walpole,Male,406-29-3773,2041208512,96 Roxbury Pass,nwalpoleen@amazonaws.com
Mrs,Luella,Cuckson,Female,409-53-2792,8821831578,97 Mockingbird Crossing,lcucksoneo@sphinn.com
Ms,Ollie,Madine,Female,273-81-5755,5619884853,0773 Riverside Way,omadineep@fema.gov
Dr,Conny,Follett,Male,890-94-1943,5309789390,95 Cambridge Way,cfolletteq@edublogs.org
Rev,Clevey,Shier,Male,226-94-3339,7201787121,04 Pine View Street,cshierer@digg.com
Mr,Tuckie,Thorold,Male,291-33-8318,1488469901,21 Hansons Avenue,tthoroldes@biglobe.ne.jp
Honorable,Atlante,Yarrall,Female,123-34-2687,5039162391,7 Carberry Circle,ayarrallet@tripod.com
Mrs,Keelia,Teasey,Female,838-90-1883,4371304930,54489 Dunning Center,kteaseyeu@nytimes.com
Mrs,Audra,Selbach,Female,303-44-2250,6523469268,3 Rowland Hill,aselbachev@taobao.com
Ms,Nalani,Laborde,Female,814-51-6163,4354259554,325 Prairie Rose Plaza,nlabordeew@webs.com
Dr,Des,Dick,Male,697-28-9556,5326570803,4 Hallows Crossing,ddickex@sakura.ne.jp
Mrs,Malachi,Beniesh,Male,267-33-7535,1804890743,1835 Kropf Plaza,mbenieshey@pagesperso-orange.fr
Honorable,Georgianne,Pykerman,Female,693-55-5673,9167859119,75280 Duke Drive,gpykermanez@columbia.edu
Dr,Bennie,Geaney,Female,420-23-2243,5785172382,7495 Sauthoff Court,bgeaneyf0@si.edu
Rev,Delila,Hryncewicz,Female,639-78-8226,9888124689,12794 Express Court,dhryncewiczf1@odnoklassniki.ru
Ms,Thomasa,Dumbleton,Female,599-26-4892,7382863191,41 Main Crossing,tdumbletonf2@smugmug.com
Mr,Elaina,Andreaccio,Female,604-62-4639,5794746393,28 Hagan Avenue,eandreacciof3@xrea.com
Mrs,Rebbecca,Gettone,Female,239-51-7532,2639361096,62 Continental Road,rgettonef4@theatlantic.com
Mrs,Beniamino,Saberton,Male,179-42-8150,3053052817,5 Fair Oaks Pass,bsabertonf5@skyrock.com
Ms,Ottilie,Carsey,Female,536-49-7479,7764130168,1988 Fallview Point,ocarseyf6@army.mil
Dr,Laurella,Labdon,Female,129-98-3404,4432888112,1 Crownhardt Avenue,llabdonf7@msn.com
Honorable,Kaylyn,O'Sesnane,Female,207-61-3560,6567328139,9 Norway Maple Drive,kosesnanef8@ezinearticles.com
Honorable,Greta,Grigoletti,Female,298-29-6450,2303030481,177 Schurz Place,ggrigolettif9@illinois.edu
Ms,Garald,Gianninotti,Male,455-01-1488,6163386124,25 Heath Drive,ggianninottifa@ifeng.com
Honorable,Lark,Barwis,Female,362-62-2914,3498892372,1730 Briar Crest Alley,lbarwisfb@umich.edu
Mr,Lincoln,Ager,Male,729-78-4118,8862530483,60 Lake View Parkway,lagerfc@linkedin.com
Honorable,Cynthie,Bellham,Female,601-05-2884,7456906059,551 Eagan Way,cbellhamfd@example.com
Mr,Ketti,Worswick,Female,648-84-0706,3392060847,007 Bartillon Pass,kworswickfe@goodreads.com
Ms,Findley,Sabathe,Male,122-93-9259,2601074107,0 Truax Junction,fsabatheff@java.com
Honorable,Thayne,Andreacci,Male,503-39-3961,4039251554,2797 Roth Plaza,tandreaccifg@opera.com
Mr,Annora,Triggs,Female,858-76-3327,2554944767,510 Manley Alley,atriggsfh@google.nl
Rev,Stanislaw,Cominetti,Male,723-59-8632,8235374602,09 Lakewood Pass,scominettifi@hibu.com
Rev,Drud,Rockwell,Male,364-85-9580,4711077855,2811 Waywood Pass,drockwellfj@baidu.com
Mr,Wendye,Roistone,Female,750-63-9192,7718407610,24570 Crowley Road,wroistonefk@linkedin.com
Honorable,Shanna,Pool,Female,656-09-0638,7553265124,48 Dwight Crossing,spoolfl@nytimes.com
Dr,Frederico,McGavigan,Male,881-43-6760,7238968656,4146 Vera Hill,fmcgaviganfm@goo.gl
Ms,Derwin,Streight,Male,876-23-5451,4126580598,570 Bayside Trail,dstreightfn@adobe.com
Rev,Georgia,Brandreth,Female,609-69-8633,6242099827,01 Arapahoe Trail,gbrandrethfo@paginegialle.it
Mrs,Dietrich,Metcalfe,Male,842-21-6283,2025688185,4931 La Follette Park,dmetcalfefp@imdb.com
Rev,Rhianna,Ivan,Female,366-47-3636,1882079630,1 Dawn Plaza,rivanfq@dropbox.com
Ms,Jan,Lumber,Female,420-02-6683,9907643207,8543 Cody Circle,jlumberfr@ted.com
Mrs,Gordy,Piddletown,Male,353-89-4881,5492845826,573 Colorado Pass,gpiddletownfs@epa.gov
Honorable,Keven,Jobb,Male,126-87-3334,3866828137,4 Shoshone Alley,kjobbft@purevolume.com
Ms,Purcell,Mervyn,Male,463-84-6960,7027205225,92 Larry Plaza,pmervynfu@sourceforge.net
Mrs,Mata,MacCook,Male,880-94-2843,6676186578,81 Pearson Avenue,mmaccookfv@indiegogo.com
Honorable,Jorry,Gridon,Female,214-62-3846,2144261760,50475 Cambridge Lane,jgridonfw@gravatar.com
Mrs,Kellsie,Sinderson,Female,192-94-7828,7204607199,7 Eagle Crest Parkway,ksindersonfx@apache.org
Mr,Tomi,Mayger,Female,101-23-1990,9286378146,1 Brentwood Center,tmaygerfy@cnet.com
Mr,Fitzgerald,Vine,Male,393-17-8579,6948616797,73 Anzinger Court,fvinefz@wsj.com
Honorable,Gavra,Rozet,Female,373-67-6912,4045356010,73 Eastwood Place,grozetg0@com.com
Honorable,Woodrow,Osbourne,Male,424-02-1147,8411729677,37509 Butternut Court,wosbourneg1@chron.com
Honorable,Cara,Pereira,Female,461-61-2556,9865395957,72025 Transport Street,cpereirag2@livejournal.com
Rev,Priscilla,Brickner,Female,742-25-5123,9523557967,76 Lien Way,pbricknerg3@bigcartel.com
Dr,Quint,Waghorn,Male,852-89-8348,2211596041,168 Bellgrove Lane,qwaghorng4@dailymotion.com
Dr,Rab,Fakeley,Male,894-91-8402,9861878734,240 Nevada Trail,rfakeleyg5@tamu.edu
Mrs,Nalani,Boni,Female,104-28-0402,6872691119,92685 Merry Center,nbonig6@google.cn
Rev,Timothea,Eyree,Female,708-66-4556,2144512307,08 Magdeline Center,teyreeg7@about.me
Ms,Thea,Giacaponi,Female,229-16-4624,6089570626,2 Spenser Avenue,tgiacaponig8@bbb.org
Dr,Keen,Iliff,Male,174-73-5078,6116098831,2910 Dawn Lane,kiliffg9@usatoday.com
Mr,Cynthia,Gosling,Female,505-52-6056,8692311980,655 Chinook Alley,cgoslingga@ow.ly
Ms,Conchita,Coundley,Female,706-81-5580,5765901884,07926 Corscot Trail,ccoundleygb@fc2.com
Honorable,Nap,Teulier,Male,860-60-3452,2787694294,4 Novick Court,nteuliergc@newsvine.com
Ms,Eleanor,Sumsion,Female,161-52-4555,4164878863,03740 Macpherson Road,esumsiongd@spotify.com
Honorable,Belia,Corroyer,Female,138-88-0997,4126869055,41854 Oxford Plaza,bcorroyerge@statcounter.com
Honorable,Ryley,Wrightham,Male,254-82-0241,1868286560,565 Barnett Way,rwrighthamgf@nba.com
Rev,Jerri,Gandley,Male,896-38-6312,5989905053,83230 Lyons Place,jgandleygg@home.pl
Mrs,Natalie,Dullaghan,Female,754-48-0034,3601584191,7489 Goodland Park,ndullaghangh@upenn.edu
Mrs,Melba,Duffield,Female,309-42-3238,8693077070,327 American Trail,mduffieldgi@hugedomains.com
Mrs,Virgie,Moss,Female,763-02-1607,1471062481,249 Coleman Circle,vmossgj@bravesites.com
Mr,Cary,Rolph,Male,636-63-4972,6676250058,40351 Acker Hill,crolphgk@dropbox.com
Mr,Cora,Behneke,Female,568-44-7510,9232640529,410 5th Way,cbehnekegl@google.nl
Dr,Helen-elizabeth,Schober,Female,478-28-9391,5985371546,289 Gulseth Parkway,hschobergm@biglobe.ne.jp
Mrs,Maribelle,Knowlys,Female,254-67-9636,1842210317,49 Katie Pass,mknowlysgn@xinhuanet.com
Honorable,Barclay,Duggon,Male,277-40-8159,4646930033,8 Stang Place,bduggongo@phpbb.com
Dr,Dyanne,Byres,Female,221-55-7083,4715001547,256 Parkside Junction,dbyresgp@google.co.uk
Mr,Dell,Mumbray,Male,519-17-7969,7482795133,64494 Service Drive,dmumbraygq@flickr.com
Rev,Cecil,Odgaard,Male,338-27-2618,2521958744,515 Alpine Parkway,codgaardgr@naver.com
Mrs,Yoshiko,Ellam,Female,368-97-3420,6026463535,34532 Crest Line Lane,yellamgs@dyndns.org
Rev,Ingaborg,Faudrie,Female,579-12-2317,2322494256,73332 Scott Court,ifaudriegt@weibo.com
Mr,Zebulen,Hubbocks,Male,865-94-4899,5952260294,81697 Veith Lane,zhubbocksgu@goodreads.com
Dr,Herby,Krysiak,Male,122-02-6113,9699340177,3378 Donald Lane,hkrysiakgv@flickr.com
Mrs,Tonie,Bellay,Female,210-97-3564,2168972460,02 Mosinee Terrace,tbellaygw@foxnews.com
Ms,Bria,Gatsby,Female,700-64-0198,7704114376,324 Comanche Pass,bgatsbygx@t-online.de
Rev,Misty,Paris,Female,518-56-4757,3307064780,1 Weeping Birch Place,mparisgy@google.fr
Mr,Clem,Wynrehame,Male,173-65-9335,1342212251,82 Blaine Drive,cwynrehamegz@twitter.com
Ms,Yoko,d'Arcy,Female,897-76-6308,2702100106,8 Brickson Park Pass,ydarcyh0@boston.com
Rev,Christoper,Neesham,Male,319-65-1993,9365598456,22840 Eggendart Alley,cneeshamh1@uol.com.br
Ms,Jaymee,Stilgoe,Female,569-89-5861,2803664310,47 American Ash Point,jstilgoeh2@zimbio.com
Ms,Tadio,Josefsohn,Male,387-83-0243,2143876691,895 Lindbergh Terrace,tjosefsohnh3@tinyurl.com
Mrs,Dody,Bleas,Female,148-13-9331,5134588151,75 Buell Road,dbleash4@google.de
Rev,Miltie,Miko,Male,869-42-8967,1636097487,08546 Messerschmidt Alley,mmikoh5@163.com
Ms,Denise,Ickowics,Female,231-12-6100,3135361685,77 Onsgard Circle,dickowicsh6@guardian.co.uk
Rev,Luciano,Renoden,Male,567-74-3222,2273528595,124 Thompson Junction,lrenodenh7@canalblog.com
Mr,Trula,Maffeo,Female,731-51-0225,4125188373,73 Moulton Parkway,tmaffeoh8@4shared.com
Mr,Tresa,Knight,Female,822-17-4842,8139114934,96044 Blaine Trail,tknighth9@cargocollective.com
Rev,Lemmie,Nucciotti,Male,724-72-4703,9311936588,9 Clarendon Alley,lnucciottiha@chicagotribune.com
Honorable,Lefty,Labbe,Male,188-28-6360,4014571315,64806 Carioca Parkway,llabbehb@google.com.au
Dr,Gaylord,Rigler,Male,765-77-5854,8999177165,3835 Pierstorff Trail,griglerhc@ovh.net
Dr,Clement,Larrosa,Male,392-03-5277,3402152923,9272 Warner Trail,clarrosahd@soup.io
Rev,Alayne,Janecki,Female,671-02-2194,3463198347,05 Westridge Pass,ajaneckihe@qq.com
Honorable,Georgiana,Lewisham,Female,775-62-4156,3988935736,4 Sachtjen Trail,glewishamhf@jiathis.com
Mr,Athene,Ashton,Female,281-30-3350,8697825320,3364 Prentice Circle,aashtonhg@mapquest.com
Mrs,Roscoe,Vakhlov,Male,404-96-9239,4494135405,238 La Follette Plaza,rvakhlovhh@clickbank.net
Rev,Malinda,Forcade,Female,155-57-3840,6603270815,79 Maywood Crossing,mforcadehi@stanford.edu
Rev,Charla,Honeywood,Female,446-34-3292,1751300762,925 Donald Center,choneywoodhj@tripadvisor.com
Dr,Inglebert,Coyish,Male,703-78-3557,2068923371,00 International Trail,icoyishhk@t-online.de
Honorable,Florina,Halfhyde,Female,388-56-9368,8846309461,5882 Towne Parkway,fhalfhydehl@china.com.cn
Dr,Codie,Steptow,Female,363-96-7360,1849677766,6560 Messerschmidt Plaza,csteptowhm@opensource.org
Mr,Archambault,Pawley,Male,123-43-8013,5546062409,802 6th Trail,apawleyhn@uol.com.br
Dr,Milzie,Reinbeck,Female,331-04-4795,2681179126,500 Mcbride Trail,mreinbeckho@scribd.com
Mrs,Kelby,Diamant,Male,826-59-4695,8357928118,664 Texas Way,kdiamanthp@php.net
Mr,Claire,Allibon,Male,870-38-4726,2733441027,772 Hintze Way,callibonhq@google.fr
Honorable,Lesli,Franz,Female,236-93-3439,7825513727,79 Russell Lane,lfranzhr@networkadvertising.org
Ms,Arabele,Pimblett,Female,146-12-6727,4154372020,1545 Dottie Drive,apimbletths@guardian.co.uk
Honorable,Beverlee,Ledes,Female,360-39-8361,5641024640,69360 Waywood Place,bledesht@hatena.ne.jp
Mr,Evelin,Turfrey,Male,424-54-5507,4583716893,6630 Lakewood Park,eturfreyhu@wikimedia.org
Ms,Ethel,O' Mahony,Female,762-12-2662,8939267627,89 Schurz Parkway,eomahonyhv@qq.com
Mr,Tobi,Charlon,Female,380-18-7195,1161390687,91443 Marcy Street,tcharlonhw@amazon.com
Honorable,Keefe,Priel,Male,623-40-5423,7191255937,274 Pine View Junction,kprielhx@cbc.ca
Honorable,Jewell,Buck,Female,392-62-6367,2187344442,15390 Bonner Avenue,jbuckhy@buzzfeed.com
Mrs,Selby,Lismer,Male,126-12-7610,4686654997,4 Bunker Hill Way,slismerhz@rediff.com
Honorable,Ebeneser,Lerohan,Male,338-91-4394,3666011138,16240 Duke Park,elerohani0@simplemachines.org
Ms,Bert,Olifaunt,Male,893-10-0078,7908240171,17 Bayside Point,bolifaunti1@scientificamerican.com
Mrs,Marya,Goodchild,Female,650-24-9022,1845413811,4 Pankratz Parkway,mgoodchildi2@nps.gov
Dr,Burke,Schach,Male,762-88-5593,4331312779,215 Thompson Way,bschachi3@reddit.com
Mr,Dov,Sans,Male,402-44-6782,2987248843,57311 Milwaukee Crossing,dsansi4@unblog.fr
Dr,Karie,Atwool,Female,814-08-2144,9704615837,3688 Cherokee Park,katwooli5@samsung.com
Honorable,Aubine,Craven,Female,811-56-8152,9684743780,0 Moose Hill,acraveni6@pinterest.com
Rev,Orel,Mishaw,Female,149-95-2905,8851904793,5 Bellgrove Park,omishawi7@paginegialle.it
Ms,Chrysa,Garroch,Female,152-89-5581,6004200907,14349 Darwin Drive,cgarrochi8@rambler.ru
Mrs,Renaldo,Ingold,Male,163-20-9028,2749449166,39712 Lotheville Plaza,ringoldi9@amazonaws.com
Mrs,Chic,Polin,Male,683-60-6659,8545635805,61033 Killdeer Lane,cpolinia@wikispaces.com
Rev,Shirlee,Arthurs,Female,204-28-5448,7953228189,620 Milwaukee Court,sarthursib@php.net
Mrs,Iorgo,Tunkin,Male,409-54-8158,7441573789,4 Rutledge Road,itunkinic@apple.com
Rev,Bryn,MacGarvey,Male,897-72-2340,1056846496,41992 Maple Wood Lane,bmacgarveyid@bluehost.com
Rev,Francois,Hadlee,Male,614-11-9860,2096947031,96638 Shopko Terrace,fhadleeie@amazon.de
Rev,Bianka,Orthmann,Female,188-72-6421,1108269526,8391 Mandrake Alley,borthmannif@oracle.com
Mr,Tony,Daniell,Female,225-50-5550,1506290667,58 Packers Place,tdaniellig@meetup.com
Ms,Sheryl,Giacobilio,Female,515-89-7503,6589476268,09111 Northport Road,sgiacobilioih@zdnet.com
Mr,Milt,Royl,Male,357-36-2146,4459149194,3 Sherman Way,mroylii@icq.com
Ms,Cathryn,Limpricht,Female,567-92-2964,7534000942,77 Warrior Point,climprichtij@vinaora.com
Mr,Arielle,Woodington,Female,763-13-9711,4502576600,7471 Pierstorff Court,awoodingtonik@marriott.com
Mrs,Roley,Galland,Male,409-72-9846,6438150395,2 Service Parkway,rgallandil@cargocollective.com
Mr,Derril,Poles,Male,354-67-1564,6542378136,5 Luster Center,dpolesim@storify.com
Ms,Nicolas,Doag,Male,862-36-6547,4304974758,4 Buhler Road,ndoagin@desdev.cn
Mrs,Garreth,Adamson,Male,865-81-8364,5556909633,10684 Florence Point,gadamsonio@foxnews.com
Honorable,Angeli,Acreman,Male,160-12-5856,8521554777,875 Hollow Ridge Pass,aacremanip@shareasale.com
Ms,Dallon,Otridge,Male,529-61-8854,6466486168,6392 Talmadge Point,dotridgeiq@ed.gov
Ms,Bartholomew,Tethcote,Male,249-39-7260,5364526302,1781 Lakeland Trail,btethcoteir@liveinternet.ru
Honorable,Talia,Capon,Female,200-20-3440,2569466125,6196 Troy Avenue,tcaponis@purevolume.com
Ms,Fania,Arend,Female,280-69-1096,3697517221,6634 Kensington Drive,farendit@google.com
Honorable,Clotilda,Litster,Female,486-08-5951,6645242932,9813 Continental Alley,clitsteriu@vkontakte.ru
Ms,Alverta,Barsam,Female,635-12-0447,1556352710,64 Sullivan Road,abarsamiv@webmd.com
Mrs,Benita,Gornall,Female,561-81-0719,2156320134,6743 Dexter Place,bgornalliw@craigslist.org
Dr,Nobe,Palle,Male,240-44-7376,9381758072,9281 Burrows Circle,npalleix@jigsy.com
Honorable,Farra,Rodolfi,Female,662-73-9078,4529268267,551 Banding Terrace,frodolfiiy@sciencedirect.com
Honorable,Almeria,Moine,Female,500-96-2057,1689584790,3898 Kennedy Way,amoineiz@mac.com
Dr,Sutton,Oxshott,Male,795-31-2006,5181866448,86 Novick Terrace,soxshottj0@illinois.edu
Mr,Carolee,Walklot,Female,266-01-0634,6797979624,3 Arizona Park,cwalklotj1@1688.com
Ms,Orly,Di Ruggero,Female,599-30-7092,1104571174,813 Mandrake Drive,odiruggeroj2@sogou.com
Mrs,Erhart,Albiston,Male,692-75-9417,8987401082,6 Graceland Terrace,ealbistonj3@yandex.ru
Dr,Saxon,Donnell,Male,457-98-7562,5283925191,30019 Raven Court,sdonnellj4@ihg.com
Ms,Aurora,Newby,Female,736-70-2932,8568005426,35460 Sloan Terrace,anewbyj5@pbs.org
Ms,Silvano,Fotherby,Male,355-24-5526,9272417784,53 Prairie Rose Alley,sfotherbyj6@jugem.jp
Rev,Gearalt,Dowda,Male,310-41-7888,3146249625,30 Valley Edge Terrace,gdowdaj7@miitbeian.gov.cn
Mrs,Walker,Bridden,Male,155-31-1754,9194593627,1903 Mockingbird Street,wbriddenj8@discovery.com
Honorable,Lion,Head,Male,278-66-4869,2982841432,59 Utah Parkway,lheadj9@nytimes.com
Ms,Free,Marzelo,Male,311-19-8804,8126409832,2 Alpine Way,fmarzeloja@ycombinator.com
Rev,Ethyl,Spikings,Female,375-69-8401,6988162232,57176 Sherman Point,espikingsjb@mtv.com
Mr,Noam,Dobrowolny,Male,224-18-5698,5316992834,4704 Melody Parkway,ndobrowolnyjc@spotify.com
Dr,Kaile,Bosdet,Female,357-55-2494,8132486130,7466 Sycamore Center,kbosdetjd@ucoz.com
Rev,Ward,Dunsmore,Male,371-88-4076,6384321279,63237 Waywood Drive,wdunsmoreje@istockphoto.com
Honorable,Ingeberg,Pedersen,Female,435-03-4916,1379228409,077 Sugar Center,ipedersenjf@time.com
Mrs,Adriane,Ronaghan,Female,482-81-3916,6629050101,22282 Miller Point,aronaghanjg@4shared.com
Honorable,Erskine,Cowdery,Male,382-40-0163,7701439886,33 Oriole Hill,ecowderyjh@irs.gov
Mr,Dacia,Janjic,Female,505-43-6467,3456803043,0 Scofield Drive,djanjicji@forbes.com
Dr,Jamal,Krzyzowski,Male,483-42-8822,9736679810,6 High Crossing Trail,jkrzyzowskijj@cpanel.net
Mrs,Nada,Gergus,Female,130-94-1675,2771905074,966 Macpherson Road,ngergusjk@hud.gov
Mrs,Niko,Strode,Male,690-28-3972,2494869697,62768 Springs Hill,nstrodejl@joomla.org
Mrs,Raphael,Fray,Male,494-64-4604,6461595068,60142 Summer Ridge Street,rfrayjm@google.com.au
Dr,Gabbi,Easey,Female,410-13-3563,3374195662,92359 4th Road,geaseyjn@fema.gov
Mrs,Tommi,Gullivent,Female,837-24-3432,4905180566,89 Rigney Terrace,tgulliventjo@wired.com
Honorable,Tiena,Briffett,Female,495-34-2953,6572374205,3546 Glendale Street,tbriffettjp@blogs.com
Rev,Heriberto,Alibone,Male,603-68-4829,5531083121,7 Superior Trail,halibonejq@google.nl
Rev,Boniface,Barden,Male,556-33-0804,3312011982,821 Carberry Terrace,bbardenjr@privacy.gov.au
Rev,Dredi,Laurencot,Female,295-46-9445,7454651245,762 Scott Circle,dlaurencotjs@spiegel.de
Ms,Iormina,Sabbatier,Female,476-03-9782,1436563124,07030 Tomscot Point,isabbatierjt@stumbleupon.com
Mrs,Modesta,Cranmore,Female,555-07-3111,5989496883,728 Garrison Center,mcranmoreju@amazon.de
Mrs,Ulric,Kesper,Male,780-03-6956,7259320719,40208 Petterle Parkway,ukesperjv@blogtalkradio.com
Dr,Koren,Hembry,Female,707-51-2155,4959213599,7419 High Crossing Drive,khembryjw@about.me
Rev,Babb,Frame,Female,677-74-5665,7219368214,51547 Macpherson Plaza,bframejx@studiopress.com
Rev,Hieronymus,Hulke,Male,598-95-9873,7397904883,7 Loeprich Crossing,hhulkejy@slate.com
Dr,Kordula,Libreros,Female,271-04-6874,8241406824,263 Commercial Center,klibrerosjz@who.int
Mrs,Eleonora,Bruckshaw,Female,218-27-1429,7129531573,54706 Mariners Cove Alley,ebruckshawk0@slate.com
Dr,Ignacius,Dufore,Male,209-96-4454,1246753101,117 Vahlen Drive,iduforek1@vimeo.com
Mr,Tye,Standley,Male,102-73-3523,8007717797,65621 4th Circle,tstandleyk2@army.mil
Mrs,Holly,Extal,Male,230-82-3487,7318208197,69800 Loomis Lane,hextalk3@oracle.com
Rev,Eduino,Perrett,Male,778-79-4014,3541020079,148 Comanche Court,eperrettk4@statcounter.com
Honorable,Garland,Natt,Female,853-51-6594,3535475264,5 Kedzie Trail,gnattk5@chronoengine.com
Mrs,Karlyn,Pendleton,Female,871-37-8384,6913930538,4986 South Drive,kpendletonk6@patch.com
Rev,Hilliary,Frankum,Female,829-47-4922,9304358059,078 Redwing Drive,hfrankumk7@hc360.com
Honorable,Mattie,Wharmby,Male,775-58-3165,8553113954,98 Norway Maple Avenue,mwharmbyk8@auda.org.au
Ms,Adelheid,Ricco,Female,794-59-0242,9991163114,9615 Nancy Crossing,ariccok9@typepad.com
Ms,Sammie,Hassall,Male,415-65-7154,3801650261,7710 Carioca Way,shassallka@wiley.com
Rev,Edvard,Verlinde,Male,882-49-0835,6138656427,51 Nobel Center,everlindekb@icq.com
Honorable,Brandyn,Newbegin,Male,363-41-4344,3977051291,19302 Nancy Crossing,bnewbeginkc@hubpages.com
Rev,Annemarie,Tocqueville,Female,536-49-4472,1134341065,6 Hansons Trail,atocquevillekd@amazon.com
Dr,Willis,Gabala,Male,298-48-0488,5487164347,376 Badeau Trail,wgabalake@skype.com
Mr,Issie,Whitebread,Female,316-77-0376,7354826675,789 Novick Terrace,iwhitebreadkf@clickbank.net
Honorable,Leeanne,Bountiff,Female,323-22-5175,5838064244,42370 Buena Vista Park,lbountiffkg@nbcnews.com
Mrs,Lisha,Bontoft,Female,841-57-0063,5712307190,99589 Main Trail,lbontoftkh@ucoz.com
Dr,Maudie,Egger,Female,553-83-5835,5714539952,31 Scoville Junction,meggerki@apple.com
Mr,Rheba,Minty,Female,500-18-4564,2145446954,1 Oriole Crossing,rmintykj@symantec.com
Ms,Goddart,Maypowder,Male,225-02-7953,3573858810,49298 Village Green Plaza,gmaypowderkk@wisc.edu
Rev,Herman,Beebis,Male,633-15-1567,6562997042,58 Sullivan Park,hbeebiskl@bigcartel.com
Ms,Trip,Grishukov,Male,251-48-6468,6086297555,234 Shoshone Parkway,tgrishukovkm@cbc.ca
Ms,Melisse,Rushmer,Female,178-40-5898,1192016744,135 Meadow Valley Lane,mrushmerkn@nifty.com
Honorable,Editha,Undy,Female,288-83-8426,5846814371,8979 Burrows Circle,eundyko@nps.gov
Mrs,Abdul,Giannassi,Male,634-32-2755,7868413082,16979 5th Pass,agiannassikp@tmall.com
Mr,Bliss,Arenson,Female,219-54-7545,1534507801,2713 Redwing Lane,barensonkq@huffingtonpost.com
Mrs,Daveta,Curedell,Female,477-99-9280,5569300668,3 Prairieview Avenue,dcuredellkr@fema.gov
Honorable,Ferd,Mercer,Male,539-49-7117,9086274948,74700 Pierstorff Parkway,fmercerks@thetimes.co.uk
Dr,Delores,Humbatch,Female,145-11-5072,8062723978,3 Talmadge Avenue,dhumbatchkt@histats.com
Dr,Tori,Renhard,Female,461-69-3892,1232072473,1593 Southridge Street,trenhardku@google.com.au
Rev,Garvin,Labeuil,Male,790-82-6060,9252368553,7246 Portage Crossing,glabeuilkv@blogger.com
Honorable,Izzy,Le-Good,Male,637-46-6665,2149523092,17755 Ridge Oak Court,ilegoodkw@engadget.com
Honorable,Baxter,Bubbings,Male,775-78-0743,7239225717,1 Elmside Drive,bbubbingskx@narod.ru
Rev,Clarissa,Pendreigh,Female,602-05-6273,5849123655,217 Melby Point,cpendreighky@mozilla.org
Ms,Kata,Bilsford,Female,288-94-7121,6878848057,645 Forest Dale Drive,kbilsfordkz@slashdot.org
Honorable,Judas,Paulo,Male,845-73-2465,3619326190,63 Union Avenue,jpaulol0@geocities.jp
Ms,Joellen,Sommerlin,Female,626-33-9605,2862262534,82686 Vera Terrace,jsommerlinl1@dedecms.com
Dr,Binky,Baldam,Male,557-06-5753,9464816513,75544 Tennyson Trail,bbaldaml2@amazon.co.jp
Dr,Vina,Gilffilland,Female,404-31-6970,7113044511,8 Lake View Street,vgilffillandl3@tiny.cc
Rev,Carree,Rodgers,Female,683-75-1296,5253662628,668 Dwight Hill,crodgersl4@wiley.com
Honorable,Dodie,Patrono,Female,571-68-3608,1222430745,21535 Hermina Terrace,dpatronol5@delicious.com
Honorable,Sidney,Sirrell,Male,648-09-7904,7877542303,56 Longview Circle,ssirrelll6@hibu.com
Ms,Alva,Pendleberry,Male,304-98-5693,7158082452,3 Elka Junction,apendleberryl7@google.ca
Mrs,Maxi,Screwton,Female,722-53-0283,7971131638,99 International Plaza,mscrewtonl8@github.io
Ms,Olly,Dudmesh,Male,757-59-3927,9274146299,9 Hallows Point,odudmeshl9@hostgator.com
Ms,Wolf,Shewry,Male,277-15-5346,7204054950,010 Little Fleur Court,wshewryla@i2i.jp
Ms,Emmerich,Cough,Male,397-79-1710,3528235876,18830 Dennis Court,ecoughlb@xing.com
Ms,Chandler,Cosby,Male,125-77-2382,5982389169,48720 Northfield Crossing,ccosbylc@illinois.edu
Honorable,Estele,Neath,Female,381-42-1761,8373245259,2767 Florence Park,eneathld@buzzfeed.com
Dr,Eveline,Petrozzi,Female,168-05-2910,7622884649,1566 Maple Wood Drive,epetrozzile@cam.ac.uk
Mr,Marcela,De Vere,Female,350-40-3393,1362769436,51 Artisan Place,mdeverelf@tamu.edu
Rev,Georgie,Busswell,Female,225-73-0411,9422131540,99523 Hermina Lane,gbusswelllg@myspace.com
Honorable,Reena,Pymm,Female,801-01-2425,2493895767,0 Troy Hill,rpymmlh@sogou.com
Mr,Blythe,Hitzschke,Female,451-83-1729,3167985346,2592 Shelley Park,bhitzschkeli@trellian.com
Mrs,Dionne,Barnett,Female,452-17-8282,2975031038,76 Park Meadow Pass,dbarnettlj@indiegogo.com
Rev,Violetta,Housbey,Female,529-92-5193,4949175162,9 Pepper Wood Way,vhousbeylk@seesaa.net
Ms,Egbert,Wernher,Male,701-95-4806,3969437652,46 Cody Court,ewernherll@webmd.com
Dr,Aurlie,Ninnis,Female,608-14-4125,7769293543,31808 Sullivan Lane,aninnislm@hhs.gov
Dr,Phaedra,Leadstone,Female,357-15-3844,7275301274,79 Darwin Lane,pleadstoneln@virginia.edu
Ms,Hugibert,Craighill,Male,330-31-1531,8502945298,5 Clyde Gallagher Drive,hcraighilllo@themeforest.net
Mr,Saw,Moyer,Male,460-26-6852,6311802197,0 Blue Bill Park Way,smoyerlp@sfgate.com
Mr,Adey,Hateley,Female,449-55-6249,2595159217,0392 Pennsylvania Circle,ahateleylq@lulu.com
Dr,Hatti,Ascough,Female,248-02-3852,5787804241,27 Canary Lane,hascoughlr@craigslist.org
Mr,Alisha,Rawcliffe,Female,503-81-2281,5508454158,74780 Novick Plaza,arawcliffels@dagondesign.com
Rev,Edythe,Ollive,Female,384-74-5444,4888592096,38 Lakewood Trail,eollivelt@java.com
Rev,Rochella,Cordrey,Female,455-94-3928,8627978849,91268 Moulton Terrace,rcordreylu@businesswire.com
Mrs,Benedetto,Roebuck,Male,176-17-5766,8504576454,0 Macpherson Terrace,broebucklv@fastcompany.com
Honorable,Koral,Poxson,Female,629-43-5574,2407098476,97994 Schiller Drive,kpoxsonlw@abc.net.au
Ms,Christiane,Philson,Female,676-97-5700,8195196706,1 Nova Road,cphilsonlx@sfgate.com
Dr,Olav,Hartmann,Male,836-12-4916,2719930418,529 Parkside Center,ohartmannly@tumblr.com
Rev,Issy,Partington,Female,689-73-5669,9784480416,86531 Cottonwood Place,ipartingtonlz@wix.com
Mrs,Rube,Hargreves,Male,203-29-6112,4018063446,4 Dryden Crossing,rhargrevesm0@weibo.com
Mrs,Desmund,Gillison,Male,669-57-4990,9914206636,380 Ronald Regan Drive,dgillisonm1@quantcast.com
Dr,Den,Shobrook,Male,201-80-6336,3671691228,69 Jenifer Center,dshobrookm2@discuz.net
Rev,Sharlene,Kydd,Female,632-93-0371,1402044889,9233 Schmedeman Lane,skyddm3@slate.com
Dr,Rosalynd,Odger,Female,662-09-4283,2182507214,4798 Canary Lane,rodgerm4@ebay.co.uk
Ms,Dominica,Colbran,Female,106-83-4631,9904101323,7080 Hanson Place,dcolbranm5@google.it
Honorable,Bertha,O'Dunneen,Female,561-92-2825,4503980198,1 Memorial Terrace,bodunneenm6@statcounter.com
Mr,Prudence,Enochsson,Female,360-55-5252,1939369328,7 Messerschmidt Avenue,penochssonm7@typepad.com
Mrs,Cass,Collough,Male,514-08-6975,9725545231,75907 Melby Plaza,ccolloughm8@dagondesign.com
Mr,Prudy,Rodenhurst,Female,628-78-5741,2123889582,59 Linden Road,prodenhurstm9@nifty.com
Ms,Freddy,Heinritz,Male,196-93-3155,5909848312,71 Steensland Junction,fheinritzma@wikipedia.org
Dr,Pail,Mathissen,Male,635-77-1292,3936463051,061 Forest Avenue,pmathissenmb@shinystat.com
Ms,Moses,Mitie,Male,103-57-9318,9079621921,321 Sutteridge Junction,mmitiemc@bloglovin.com
Honorable,Dorothea,Langworthy,Female,255-65-3502,1183581673,30 Loomis Point,dlangworthymd@qq.com
Honorable,Hazel,Danev,Female,781-37-6461,3498796477,844 Carey Court,hdanevme@infoseek.co.jp
Honorable,Winonah,Caunce,Female,153-45-1781,3829553112,95 Transport Court,wcauncemf@a8.net
Honorable,Peterus,Dimeloe,Male,277-15-3535,7076168465,9 Magdeline Pass,pdimeloemg@cnn.com
Honorable,Midge,Ambrogini,Female,691-08-7465,6527436744,08380 Esker Place,mambroginimh@auda.org.au
Dr,Logan,Davidovitch,Male,578-53-7470,5376399963,0952 Glendale Alley,ldavidovitchmi@usgs.gov
Dr,Cello,Chritchley,Male,260-10-3785,3223698816,54 Sheridan Parkway,cchritchleymj@microsoft.com
Mrs,Iago,Crossley,Male,855-52-8507,8079038106,01 Kingsford Trail,icrossleymk@instagram.com
Dr,Bridgette,Mountain,Female,124-36-4925,6075013553,90733 Bartillon Court,bmountainml@surveymonkey.com
Ms,Georas,Splevins,Male,399-06-9357,9469199701,97732 Macpherson Drive,gsplevinsmm@studiopress.com
Rev,Pat,Grogono,Male,854-47-5209,1365521142,80092 3rd Court,pgrogonomn@oakley.com
Dr,Augustina,Sex,Female,737-34-5443,5529451696,59447 Lukken Drive,asexmo@eepurl.com
Ms,Jay,Baldacchino,Male,591-69-3742,9437973546,1 Chinook Avenue,jbaldacchinomp@state.tx.us
Dr,Skipp,Peaple,Male,625-56-9613,8704529843,48823 Hoard Drive,speaplemq@photobucket.com
Dr,Kary,Killiam,Female,110-35-9297,3527510290,9 Prairieview Court,kkilliammr@wisc.edu
Ms,Kalli,Tumbridge,Female,745-12-9702,8478177043,1813 Superior Alley,ktumbridgems@ibm.com
Mr,Daphna,Tallboy,Female,443-12-6524,1142972435,04175 Fuller Center,dtallboymt@drupal.org
Honorable,Innis,Sissons,Male,174-46-7303,9194536513,16 Alpine Center,isissonsmu@ucla.edu
Mrs,Charlotte,Pawlaczyk,Female,566-70-0309,4093517529,34 Farragut Circle,cpawlaczykmv@soup.io
Ms,Averyl,Hanscombe,Female,856-77-2911,3465918610,25431 Bluestem Parkway,ahanscombemw@storify.com
Rev,Marieann,Noni,Female,530-53-5196,2646407986,9 Crowley Street,mnonimx@amazonaws.com
Rev,Henry,Harome,Male,495-71-2518,9149736144,8 Orin Road,hharomemy@g.co
Mr,Beniamino,Walton,Male,757-28-3123,9593514338,21904 Independence Alley,bwaltonmz@ca.gov
Rev,Nicolais,Camelli,Male,137-31-3153,2156881605,713 Spohn Plaza,ncamellin0@edublogs.org
Rev,Malory,Bennallck,Female,476-45-2070,4867725954,493 Schurz Drive,mbennallckn1@dailymotion.com
Rev,Haslett,Obispo,Male,770-85-1239,7266064380,5721 Bashford Center,hobispon2@gov.uk
Ms,Horatia,Chawner,Female,776-07-1095,8418322365,68320 Bowman Avenue,hchawnern3@bbc.co.uk
Mr,Aloysia,Scurlock,Female,851-79-4093,3684280830,0559 Autumn Leaf Court,ascurlockn4@cbslocal.com
Honorable,Chrissy,Bloxsom,Male,899-31-0250,4033412130,270 Steensland Lane,cbloxsomn5@reuters.com
Rev,Devondra,Gascoyen,Female,521-14-2665,6261644944,26216 Loomis Crossing,dgascoyenn6@example.com
Honorable,Rhodie,Duggan,Female,470-04-1297,9168192389,1231 Lien Circle,rduggann7@jigsy.com
Mrs,Waldemar,Willgoss,Male,777-45-9775,8462761531,2400 Hagan Point,wwillgossn8@shinystat.com
Mr,Dennet,Killwick,Male,881-85-7453,4379171350,35 Farwell Road,dkillwickn9@about.com
Rev,Addie,Mosdall,Female,336-46-6140,2283086640,1544 Pleasure Place,amosdallna@amazon.com
Mrs,Nathaniel,Meagh,Male,786-93-2175,9407924007,50422 Packers Trail,nmeaghnb@forbes.com
Rev,Anders,Smorthit,Male,830-62-2180,3675940263,3035 Karstens Terrace,asmorthitnc@mozilla.org
Dr,Kitty,Harries,Female,886-81-4759,7655537627,15 Starling Trail,kharriesnd@artisteer.com
Dr,Arlen,Kindle,Male,816-92-0845,2069355440,245 Novick Avenue,akindlene@exblog.jp
Honorable,Gerhardt,Stillmann,Male,421-66-8687,7559757235,9866 Sycamore Parkway,gstillmannnf@springer.com
Honorable,Alejandrina,Farfoot,Female,101-86-6749,8646883052,74 Montana Lane,afarfootng@ezinearticles.com
Rev,Marilee,Starling,Female,676-27-1469,9616572622,417 Anzinger Point,mstarlingnh@fc2.com
Mrs,Barrie,Streeting,Male,208-85-9501,7181450699,6 Di Loreto Alley,bstreetingni@bizjournals.com
Honorable,Bay,Moreno,Male,864-08-1396,7148603705,7 Toban Junction,bmorenonj@baidu.com
Mr,Man,Favelle,Male,148-44-9229,4086643108,20250 Prentice Way,mfavellenk@pcworld.com
Ms,Cyndie,Gillmore,Female,803-55-6482,7845945256,3 Calypso Trail,cgillmorenl@ftc.gov
Ms,Torrey,Stears,Male,896-44-7074,6448445316,0 Prairieview Park,tstearsnm@berkeley.edu
Ms,Bronnie,Uridge,Male,477-26-7644,7984515408,67 Warrior Crossing,buridgenn@example.com
Rev,Sebastien,Bouldon,Male,540-12-9053,5746929446,0816 Westridge Terrace,sbouldonno@patch.com
Dr,Marcelia,Erickssen,Female,286-91-2788,2353257846,46 Crest Line Terrace,merickssennp@csmonitor.com
Dr,Alaric,Rubenovic,Male,767-16-7037,9971127584,7 Anhalt Place,arubenovicnq@soup.io
Rev,Calli,Orgel,Female,182-97-6271,6779171209,6 Miller Center,corgelnr@weibo.com
Mrs,Evyn,Grunnell,Male,422-89-4881,9439852545,5704 Randy Plaza,egrunnellns@typepad.com
Mr,Dudley,Morena,Male,637-90-9237,8846676097,30 Stang Avenue,dmorenant@senate.gov
Rev,Lyda,Rubenfeld,Female,357-68-2491,4578314698,5557 Schiller Trail,lrubenfeldnu@chron.com
Mrs,Sadella,Hinsche,Female,624-97-3535,3355942256,13255 Petterle Trail,shinschenv@biblegateway.com
Rev,Debor,Frostdyke,Female,745-03-3883,3754863950,67 Springview Avenue,dfrostdykenw@ustream.tv
Rev,Paxon,Lucks,Male,889-95-8586,2626770235,3552 Elmside Circle,plucksnx@slashdot.org
Rev,Pepito,Spatig,Male,170-82-4557,8803498804,557 Mendota Alley,pspatigny@pbs.org
Mrs,Richie,Bullier,Male,831-55-5663,4511396543,626 Talisman Court,rbulliernz@state.gov
Rev,Allyce,Tackes,Female,464-63-8613,3142136435,61605 Orin Street,atackeso0@marriott.com
Mrs,Trina,Joppich,Female,376-98-7822,7293304678,85 Memorial Pass,tjoppicho1@yandex.ru
Mr,Brenn,Carson,Female,657-73-1935,7641276631,5525 Helena Circle,bcarsono2@a8.net
Mrs,Zulema,Schmuhl,Female,530-88-1416,3363051286,160 Dawn Pass,zschmuhlo3@cargocollective.com
Mrs,Marcelo,Tuck,Male,318-53-8012,1287604849,67329 Orin Trail,mtucko4@sakura.ne.jp
Mrs,Gualterio,Carroll,Male,889-97-7310,7792898984,90356 Summer Ridge Circle,gcarrollo5@huffingtonpost.com
Honorable,Veriee,Clunie,Female,100-47-6831,4215753665,8767 Surrey Road,vclunieo6@abc.net.au
Ms,Zacharias,Shilstone,Male,240-08-0327,9885707471,4385 Dixon Crossing,zshilstoneo7@networkadvertising.org
Ms,Kennett,Hallworth,Male,445-53-8596,5666945649,18308 Basil Lane,khallwortho8@rakuten.co.jp
Mr,Elmo,Marion,Male,491-46-9752,1958931335,30773 Chive Street,emariono9@mtv.com
Rev,Omero,Sackey,Male,336-44-3763,9362386860,7 Chive Place,osackeyoa@cocolog-nifty.com
Mr,Tomlin,Posthill,Male,166-61-3203,2468770111,16062 Graceland Center,tposthillob@squarespace.com
Honorable,Winthrop,Wemyss,Male,887-40-9310,8496931320,3212 Ludington Pass,wwemyssoc@scribd.com
Mrs,Thatcher,Pinard,Male,330-04-0570,4218036082,92518 Macpherson Junction,tpinardod@cnbc.com
Mrs,Clemmie,Standbrooke,Male,608-82-9933,4438290026,993 Harbort Center,cstandbrookeoe@spotify.com
Mr,Chloette,Isaksen,Female,274-90-0778,1069531552,17 Monument Parkway,cisaksenof@smugmug.com
Mrs,Cosetta,Agostini,Female,643-10-5647,4378455158,2 Amoth Avenue,cagostiniog@studiopress.com
Rev,Hugibert,Duplock,Male,588-43-1064,3815815962,67 Shoshone Parkway,hduplockoh@nhs.uk
Ms,Frank,Callway,Male,794-76-8330,4598431799,2 Charing Cross Pass,fcallwayoi@unicef.org
Rev,Jasper,Piggrem,Male,688-25-5337,2519653745,20 Blue Bill Park Alley,jpiggremoj@a8.net
Mr,Marya,Malim,Female,405-21-2516,5952474193,7300 Dapin Center,mmalimok@fc2.com
Ms,Hogan,Millward,Male,138-17-1580,2892504995,2554 Bowman Junction,hmillwardol@last.fm
Mr,Tobiah,Matantsev,Male,526-76-6433,6853978075,7 Basil Pass,tmatantsevom@xrea.com
Mrs,Editha,Jeskins,Female,514-94-3523,4322337587,73895 La Follette Pass,ejeskinson@domainmarket.com
Mrs,Eveleen,Sebire,Female,532-73-0754,3725050206,9521 Kenwood Avenue,esebireoo@mysql.com
Honorable,Agnola,Pohlke,Female,762-52-7242,4087814061,41877 Fisk Trail,apohlkeop@apache.org
Dr,Bourke,Simonyi,Male,810-67-4124,3622507162,84 Melrose Place,bsimonyioq@google.de
Ms,Jake,Poile,Male,476-10-6277,1188234241,6936 Calypso Crossing,jpoileor@illinois.edu
Ms,Steward,Boribal,Male,280-03-6196,8701594903,32 Claremont Center,sboribalos@house.gov
Rev,Isaak,Berns,Male,362-94-8209,3392048932,89 American Terrace,ibernsot@senate.gov
Rev,Zerk,Syncke,Male,105-13-4365,3456076419,65502 Cascade Point,zsynckeou@google.co.uk
Rev,Lay,Catcherside,Male,767-33-0209,2466751008,2 Rusk Crossing,lcatchersideov@storify.com
Honorable,Griffith,Cowe,Male,422-97-5611,6126730162,7887 Express Way,gcoweow@diigo.com
Dr,Padriac,Karp,Male,451-38-5727,4426154025,78 Meadow Valley Drive,pkarpox@vkontakte.ru
Mr,Eddi,Olesen,Female,714-91-0963,8128975317,64 Portage Avenue,eolesenoy@microsoft.com
Honorable,Tina,Wroughton,Female,667-71-0907,8466575919,4 Pearson Parkway,twroughtonoz@hibu.com
Mr,Cleveland,Fockes,Male,273-37-5565,7486448111,1853 Valley Edge Trail,cfockesp0@time.com
Mr,Justino,Portman,Male,378-56-8145,1268234961,1115 Kropf Parkway,jportmanp1@cargocollective.com
Mr,Moyra,Canto,Female,830-57-1193,9172623998,8 Harbort Junction,mcantop2@java.com
Ms,Magdalene,Broome,Female,393-18-7802,5951680194,49 Gina Terrace,mbroomep3@csmonitor.com
Rev,Gar,Hartgill,Male,152-68-3597,9661005140,282 Marcy Lane,ghartgillp4@addthis.com
Mrs,Ambrosius,MacSkeaghan,Male,449-96-7112,6232306876,0 Birchwood Way,amacskeaghanp5@narod.ru
Honorable,Giffer,Carus,Male,867-16-6893,5376863013,12970 Anzinger Place,gcarusp6@engadget.com
Rev,Neille,Heaseman,Female,762-57-5123,3864696688,6419 Crest Line Junction,nheasemanp7@wired.com
Rev,Alfie,Warbeys,Male,149-20-6584,1402141370,64 Kingsford Drive,awarbeysp8@whitehouse.gov
Mr,Keir,April,Male,316-86-6370,1692164637,78 Bunting Park,kaprilp9@sun.com
Rev,Terra,Semour,Female,120-93-6148,2181389358,464 Old Gate Circle,tsemourpa@elpais.com
Mr,Merissa,MacParland,Female,458-89-3358,7906269929,0 Kipling Pass,mmacparlandpb@so-net.ne.jp
Ms,Judye,Ovett,Female,362-89-7498,2679757375,427 Mockingbird Plaza,jovettpc@deliciousdays.com
Dr,Haywood,Birkby,Male,174-60-4095,6808095404,823 Maple Wood Way,hbirkbypd@cisco.com
Dr,Nerita,Don,Female,723-34-5928,2469784558,3829 Ridgeview Crossing,ndonpe@nytimes.com
Mr,Nanine,Lashley,Female,733-88-5452,3824246230,73446 Namekagon Alley,nlashleypf@instagram.com
Ms,Rog,Killich,Male,760-52-5866,1353089067,85019 Scoville Hill,rkillichpg@instagram.com
Mrs,Wells,Kimmitt,Male,663-95-9975,5891580154,27697 Stang Junction,wkimmittph@google.de
Mrs,Emilie,Cholton,Female,144-22-3202,7623404715,783 Eliot Lane,echoltonpi@macromedia.com
Dr,Gerda,Jonson,Female,811-19-8241,5925832501,766 Old Shore Junction,gjonsonpj@netvibes.com
Ms,Harrison,O'Shaughnessy,Male,587-24-8614,8142339883,1 Goodland Hill,hoshaughnessypk@quantcast.com
Ms,Jammie,Gheorghe,Female,433-58-5814,4148090606,0436 Weeping Birch Road,jgheorghepl@boston.com
Rev,Klarrisa,Kochl,Female,695-61-9657,3478169432,36 Morrow Park,kkochlpm@google.de
Mr,Niki,De Minico,Male,828-07-5459,4667208434,88 Jackson Crossing,ndeminicopn@microsoft.com
Honorable,Perry,Abbis,Female,191-47-4906,1185438332,98077 Annamark Parkway,pabbispo@cnet.com
Dr,Cello,Carnelley,Male,617-25-0933,1516854307,5640 Sunfield Pass,ccarnelleypp@businesswire.com
Mrs,Ashlee,Fairholm,Female,430-44-2604,2328076769,301 Judy Drive,afairholmpq@alibaba.com
Mrs,Ange,Kislingbury,Female,891-39-1478,2023837371,57 Springs Trail,akislingburypr@t.co
Honorable,Wynn,Dabinett,Male,718-78-5114,6558213169,4483 Debs Pass,wdabinettps@youtu.be
Dr,Jenifer,Matissoff,Female,484-13-4201,8397464429,9 Springs Junction,jmatissoffpt@taobao.com
Dr,Jo ann,Futcher,Female,259-66-2375,4294681722,1 Fordem Place,jfutcherpu@jugem.jp
Mr,Killy,Novik,Male,579-92-0714,2921050670,346 Norway Maple Lane,knovikpv@photobucket.com
Dr,Ad,Itzkovwitch,Male,566-79-1904,4934640242,502 Hollow Ridge Park,aitzkovwitchpw@sun.com
Honorable,Judd,Fernandes,Male,763-96-5741,2741664467,11 Victoria Court,jfernandespx@homestead.com
Mr,Rivkah,Cowlas,Female,127-10-5274,9122692558,1 7th Court,rcowlaspy@jigsy.com
Mr,Timofei,Bolan,Male,401-11-2681,5228484128,81 Melody Lane,tbolanpz@europa.eu
Ms,Sanson,Eatttok,Male,100-23-3059,9135129346,487 Steensland Court,seatttokq0@dedecms.com
Rev,Packston,Vescovini,Male,649-70-4167,2518992112,33014 Crownhardt Circle,pvescoviniq1@mail.ru
Mr,Karoline,Keep,Female,695-85-0909,6371512309,62821 Oxford Crossing,kkeepq2@livejournal.com
Rev,Ofilia,Broadfield,Female,123-37-1270,1045178198,0 Thierer Pass,obroadfieldq3@mapy.cz
Honorable,Jeniece,Osmint,Female,737-59-3422,9908518827,849 Daystar Junction,josmintq4@seesaa.net
Rev,Arabela,Elliot,Female,565-64-2688,7444351556,99116 Norway Maple Crossing,aelliotq5@mashable.com
Mr,Walsh,Curley,Male,560-68-9568,3838049425,9252 Bluejay Lane,wcurleyq6@yandex.ru
Honorable,Grata,Balthasar,Female,610-44-2329,9835934810,75430 Prairieview Lane,gbalthasarq7@yolasite.com
Rev,Zarah,Tearney,Female,635-67-6500,4514952991,457 Drewry Park,ztearneyq8@microsoft.com
Dr,Xavier,Chiplen,Male,700-14-4996,3288845454,8 Dapin Road,xchiplenq9@sbwire.com
Mrs,Diandra,Mogridge,Female,599-69-3732,9414372538,053 Kennedy Parkway,dmogridgeqa@examiner.com
Honorable,Lindsey,Sarfass,Male,836-66-1987,7185145286,94 Truax Avenue,lsarfassqb@shinystat.com
Mrs,Felicity,Cornforth,Female,350-11-3877,8295787578,1 Alpine Street,fcornforthqc@photobucket.com
Mr,Ame,Kristoffersson,Female,483-93-7187,1022256977,78 Lerdahl Point,akristofferssonqd@oaic.gov.au
Mr,Fransisco,Costi,Male,705-09-0793,9753341389,8 Quincy Plaza,fcostiqe@paypal.com
Ms,Orelle,Gietz,Female,201-85-4202,9517042200,76710 Grover Place,ogietzqf@qq.com
Mr,Ardene,Frandsen,Female,445-94-5665,7419501847,61160 New Castle Street,afrandsenqg@mozilla.com
Honorable,Benedict,Frisch,Male,478-65-9170,5886001856,55 Nevada Court,bfrischqh@oracle.com
Honorable,Una,Weeks,Female,846-10-4059,9752658204,685 Troy Street,uweeksqi@jigsy.com
Ms,Link,Rihanek,Male,896-54-3151,7831681500,86 Eagle Crest Junction,lrihanekqj@hp.com
Rev,Sherilyn,Fidgett,Female,799-76-1112,9302048735,8 Rieder Plaza,sfidgettqk@youtube.com
Honorable,Harri,Hansman,Female,103-85-8259,5249797351,9 Crest Line Pass,hhansmanql@opensource.org
Rev,Myrle,McKeaveney,Female,175-77-6425,1593008086,76 Vidon Place,mmckeaveneyqm@hc360.com
Mr,Thorpe,Tarbin,Male,674-42-2701,6234436139,1200 2nd Street,ttarbinqn@cbslocal.com
Honorable,Luigi,Largan,Male,248-79-8304,8133000121,71 Green Ridge Plaza,llarganqo@jimdo.com
Mr,Rocky,Deegan,Male,308-88-3656,7989254491,8008 Spenser Hill,rdeeganqp@europa.eu
Ms,Fayre,Restieaux,Female,777-16-6916,2833186389,2320 Stone Corner Circle,frestieauxqq@infoseek.co.jp
Rev,Byrom,Dzeniskevich,Male,108-93-8707,2847727863,211 Forest Dale Avenue,bdzeniskevichqr@wunderground.com
Ms,Juditha,Wilmut,Female,121-67-1323,2152340656,8181 Veith Lane,jwilmutqs@cloudflare.com
Ms,Venus,Solan,Female,627-33-4226,6756399524,522 Drewry Court,vsolanqt@geocities.jp
Rev,Leopold,Episcopio,Male,735-40-2241,1319286401,6 Hermina Point,lepiscopioqu@cbsnews.com
Ms,Benjy,Rodear,Male,787-44-1240,9375464771,632 New Castle Way,brodearqv@google.ca
Ms,Raina,Drei,Female,680-40-0370,4992132147,0237 Cambridge Court,rdreiqw@guardian.co.uk
Ms,Elane,Boodell,Female,788-62-2751,6115307004,7273 Morning Place,eboodellqx@tripod.com
Rev,Caddric,Haggard,Male,864-21-9100,9427109183,43432 New Castle Junction,chaggardqy@ameblo.jp
Honorable,Perrine,Kemmer,Female,680-63-9202,8086249508,9661 Texas Trail,pkemmerqz@myspace.com
Mrs,Freddy,Stubley,Female,575-18-1490,7315831504,0 Hintze Point,fstubleyr0@arizona.edu
Mrs,Allene,Skahill,Female,604-45-7345,3248686263,18 Fisk Park,askahillr1@reddit.com
Ms,Godart,Surgener,Male,445-39-9098,7112854946,83 Loomis Plaza,gsurgenerr2@woothemes.com
Rev,Cacilie,Handslip,Female,663-26-2426,1818825930,907 Gina Center,chandslipr3@dedecms.com
Ms,Randy,Grime,Female,566-70-7576,7048755824,09 Arizona Street,rgrimer4@harvard.edu
Rev,Edmon,Dowthwaite,Male,133-02-4456,7546225675,35 Summit Point,edowthwaiter5@elpais.com
Honorable,Del,Shilvock,Female,271-30-1788,6934284623,05338 Schlimgen Road,dshilvockr6@msn.com
Mr,Myrle,Murby,Female,246-43-4580,2975500704,728 Schiller Court,mmurbyr7@mysql.com
Honorable,Gwennie,O'Murtagh,Female,710-06-3680,3138794899,3347 Erie Alley,gomurtaghr8@tmall.com
Mrs,Ailey,Gotmann,Female,845-87-5136,5388859829,797 Thierer Crossing,agotmannr9@prnewswire.com
Rev,Tadeas,Spiller,Male,211-10-6415,5258235166,01 Butternut Avenue,tspillerra@sciencedaily.com
Mr,Kory,Wisniewski,Male,446-73-0628,2209775027,27196 Killdeer Road,kwisniewskirb@furl.net
Mrs,Davidson,Kaysor,Male,582-73-2454,9213855714,45 Mcbride Junction,dkaysorrc@shinystat.com
Rev,Melisent,Shekle,Female,197-10-4269,9914491916,508 Duke Parkway,msheklerd@fc2.com
Mrs,Ceil,Cuell,Female,569-86-8235,2019724426,1672 Onsgard Pass,ccuellre@google.de
Rev,Ricky,Alexandrescu,Female,880-65-3155,1993795662,83183 Jenna Way,ralexandrescurf@usda.gov
Ms,Marie-ann,Wardley,Female,619-55-1005,7217853286,04657 Blackbird Trail,mwardleyrg@hibu.com
Rev,Ulrich,Burgiss,Male,169-62-3494,9844488605,97549 Anzinger Lane,uburgissrh@ed.gov
Mrs,Helaina,Weiser,Female,102-43-3570,2673829364,96 Hansons Plaza,hweiserri@npr.org
Mr,Kain,Caig,Male,395-96-0164,3881835398,467 Riverside Street,kcaigrj@nhs.uk
Rev,Peadar,Standish-Brooks,Male,618-04-5099,3446678739,74 Hoard Parkway,pstandishbrooksrk@tripod.com
Rev,Clemens,Zamorrano,Male,172-82-2472,9898259946,23734 Superior Parkway,czamorranorl@indiatimes.com
Dr,Kenna,Dulson,Female,358-72-6375,9052263134,4 Lakewood Court,kdulsonrm@about.me
Mrs,Desiree,Hacon,Female,791-59-4977,1264066394,2689 Reinke Court,dhaconrn@epa.gov
Ms,Nicole,Gorwood,Female,253-13-7368,9419378029,778 Fairview Point,ngorwoodro@nature.com
Rev,Rana,Procter,Female,134-78-3019,2698836727,065 Gateway Crossing,rprocterrp@state.tx.us
Mrs,Colene,Coppledike,Female,678-69-4898,2128472207,60 Magdeline Pass,ccoppledikerq@columbia.edu
Mr,Margette,Simmonds,Female,451-44-6215,4885844951,6776 Scott Lane,msimmondsrr@discuz.net
